kind,experiment_key,model_key,condition,train_dataset,seed,rank,lora_alpha,benchmark,accuracy,n_eval,detail_path,metric_name,elapsed_hours,estimated_cu,adapter_dir,trainable_params,pct_trainable,base_accuracy,delta_vs_base,full_condition_accuracy,delta_vs_full,efficiency_ratio
base_eval,,falcon_h1_0_5b_base,__base__,,3407,,,mmlu,0.517578125,512,/content/drive/MyDrive/papers-tecnicos/3-LoRA-Placement/results/eval_details/falcon_h1_0_5b_base__base__mmlu.jsonl,accuracy,2.970942900247044,5.050602930419974,,,,0.517578125,0.0,,,0.0
base_eval,,falcon_h1_0_5b_base,__base__,,3407,,,gsm8k,0.3828125,256,/content/drive/MyDrive/papers-tecnicos/3-LoRA-Placement/results/eval_details/falcon_h1_0_5b_base__base__gsm8k.jsonl,accuracy,2.970942900247044,5.050602930419974,,,,0.3828125,0.0,,,0.0
base_eval,,falcon_h1_0_5b_base,__base__,,3407,,,arc_challenge,0.7424749163879598,299,/content/drive/MyDrive/papers-tecnicos/3-LoRA-Placement/results/eval_details/falcon_h1_0_5b_base__base__arc_challenge.jsonl,accuracy,2.970942900247044,5.050602930419974,,,,0.7424749163879598,0.0,,,0.0
base_eval,,falcon_h1_0_5b_base,__base__,,3407,,,hellaswag,0.330078125,512,/content/drive/MyDrive/papers-tecnicos/3-LoRA-Placement/results/eval_details/falcon_h1_0_5b_base__base__hellaswag.jsonl,accuracy,2.970942900247044,5.050602930419974,,,,0.330078125,0.0,,,0.0
base_eval,,qwen3_5_0_8b_base,__base__,,3407,,,mmlu,0.482421875,512,/content/drive/MyDrive/papers-tecnicos/3-LoRA-Placement/results/eval_details/qwen3_5_0_8b_base__base__mmlu.jsonl,accuracy,0.9250847540961371,1.572644081963433,,,,0.482421875,0.0,,,0.0
base_eval,,qwen3_5_0_8b_base,__base__,,3407,,,gsm8k,0.296875,128,/content/drive/MyDrive/papers-tecnicos/3-LoRA-Placement/results/eval_details/qwen3_5_0_8b_base__base__gsm8k.jsonl,accuracy,0.9250847540961371,1.572644081963433,,,,0.296875,0.0,,,0.0
base_eval,,qwen3_5_0_8b_base,__base__,,3407,,,arc_challenge,0.7324414715719063,299,/content/drive/MyDrive/papers-tecnicos/3-LoRA-Placement/results/eval_details/qwen3_5_0_8b_base__base__arc_challenge.jsonl,accuracy,0.9250847540961371,1.572644081963433,,,,0.7324414715719063,0.0,,,0.0
base_eval,,qwen3_5_0_8b_base,__base__,,3407,,,hellaswag,0.416015625,512,/content/drive/MyDrive/papers-tecnicos/3-LoRA-Placement/results/eval_details/qwen3_5_0_8b_base__base__hellaswag.jsonl,accuracy,0.9250847540961371,1.572644081963433,,,,0.416015625,0.0,,,0.0
train_eval,train__falcon_h1_0_5b_base__all_eligible__codealpaca__seed3407,falcon_h1_0_5b_base,all_eligible,codealpaca,3407,16.0,32.0,mmlu,0.515625,512,/content/drive/MyDrive/papers-tecnicos/3-LoRA-Placement/results/eval_details/train__falcon_h1_0_5b_base__all_eligible__codealpaca__seed3407__inline_eval__mmlu.jsonl,accuracy,2.3592352137962975,4.010699863453706,/content/drive/MyDrive/papers-tecnicos/3-LoRA-Placement/models/train__falcon_h1_0_5b_base__all_eligible__codealpaca__seed3407/final_adapter,11466496.0,2.1518067188412497,0.517578125,-0.001953125,0.515625,0.0,-0.0004869785988717987
train_eval,train__falcon_h1_0_5b_base__all_eligible__codealpaca__seed3407,falcon_h1_0_5b_base,all_eligible,codealpaca,3407,16.0,32.0,gsm8k,0.359375,256,/content/drive/MyDrive/papers-tecnicos/3-LoRA-Placement/results/eval_details/train__falcon_h1_0_5b_base__all_eligible__codealpaca__seed3407__inline_eval__gsm8k.jsonl,accuracy,2.3592352137962975,4.010699863453706,/content/drive/MyDrive/papers-tecnicos/3-LoRA-Placement/models/train__falcon_h1_0_5b_base__all_eligible__codealpaca__seed3407/final_adapter,11466496.0,2.1518067188412497,0.3828125,-0.0234375,0.359375,0.0,-0.005843743186461584
train_eval,train__falcon_h1_0_5b_base__all_eligible__codealpaca__seed3407,falcon_h1_0_5b_base,all_eligible,codealpaca,3407,16.0,32.0,arc_challenge,0.725752508361204,299,/content/drive/MyDrive/papers-tecnicos/3-LoRA-Placement/results/eval_details/train__falcon_h1_0_5b_base__all_eligible__codealpaca__seed3407__inline_eval__arc_challenge.jsonl,accuracy,2.3592352137962975,4.010699863453706,/content/drive/MyDrive/papers-tecnicos/3-LoRA-Placement/models/train__falcon_h1_0_5b_base__all_eligible__codealpaca__seed3407/final_adapter,11466496.0,2.1518067188412497,0.7424749163879598,-0.01672240802675584,0.725752508361204,0.0,-0.004169448873283625
train_eval,train__falcon_h1_0_5b_base__all_eligible__codealpaca__seed3407,falcon_h1_0_5b_base,all_eligible,codealpaca,3407,16.0,32.0,hellaswag,0.314453125,512,/content/drive/MyDrive/papers-tecnicos/3-LoRA-Placement/results/eval_details/train__falcon_h1_0_5b_base__all_eligible__codealpaca__seed3407__inline_eval__hellaswag.jsonl,accuracy,2.3592352137962975,4.010699863453706,/content/drive/MyDrive/papers-tecnicos/3-LoRA-Placement/models/train__falcon_h1_0_5b_base__all_eligible__codealpaca__seed3407/final_adapter,11466496.0,2.1518067188412497,0.330078125,-0.015625,0.314453125,0.0,-0.0038958287909743898
train_eval,train__falcon_h1_0_5b_base__all_eligible__codealpaca__seed3407,falcon_h1_0_5b_base,all_eligible,codealpaca,3407,16.0,32.0,humaneval,,164,/content/drive/MyDrive/papers-tecnicos/3-LoRA-Placement/results/eval_details/train__falcon_h1_0_5b_base__all_eligible__codealpaca__seed3407__inline_eval__humaneval.jsonl,pass@1_unavailable,2.3592352137962975,4.010699863453706,/content/drive/MyDrive/papers-tecnicos/3-LoRA-Placement/models/train__falcon_h1_0_5b_base__all_eligible__codealpaca__seed3407/final_adapter,11466496.0,2.1518067188412497,,,,,
train_eval,train__falcon_h1_0_5b_base__all_eligible__gsm8k_train__seed3407,falcon_h1_0_5b_base,all_eligible,gsm8k_train,3407,16.0,32.0,mmlu,0.515625,512,/content/drive/MyDrive/papers-tecnicos/3-LoRA-Placement/results/eval_details/train__falcon_h1_0_5b_base__all_eligible__gsm8k_train__seed3407__inline_eval__mmlu.jsonl,accuracy,3.226442044708464,5.4849514760043885,/content/drive/MyDrive/papers-tecnicos/3-LoRA-Placement/models/train__falcon_h1_0_5b_base__all_eligible__gsm8k_train__seed3407/final_adapter,11466496.0,2.1518067188412497,0.517578125,-0.001953125,0.515625,0.0,-0.0003560879268567001
train_eval,train__falcon_h1_0_5b_base__all_eligible__gsm8k_train__seed3407,falcon_h1_0_5b_base,all_eligible,gsm8k_train,3407,16.0,32.0,gsm8k,0.50390625,256,/content/drive/MyDrive/papers-tecnicos/3-LoRA-Placement/results/eval_details/train__falcon_h1_0_5b_base__all_eligible__gsm8k_train__seed3407__inline_eval__gsm8k.jsonl,accuracy,3.226442044708464,5.4849514760043885,/content/drive/MyDrive/papers-tecnicos/3-LoRA-Placement/models/train__falcon_h1_0_5b_base__all_eligible__gsm8k_train__seed3407/final_adapter,11466496.0,2.1518067188412497,0.3828125,0.12109375,0.50390625,0.0,0.022077451465115406
train_eval,train__falcon_h1_0_5b_base__all_eligible__gsm8k_train__seed3407,falcon_h1_0_5b_base,all_eligible,gsm8k_train,3407,16.0,32.0,arc_challenge,0.7123745819397993,299,/content/drive/MyDrive/papers-tecnicos/3-LoRA-Placement/results/eval_details/train__falcon_h1_0_5b_base__all_eligible__gsm8k_train__seed3407__inline_eval__arc_challenge.jsonl,accuracy,3.226442044708464,5.4849514760043885,/content/drive/MyDrive/papers-tecnicos/3-LoRA-Placement/models/train__falcon_h1_0_5b_base__all_eligible__gsm8k_train__seed3407/final_adapter,11466496.0,2.1518067188412497,0.7424749163879598,-0.030100334448160515,0.7123745819397993,0.0,-0.005487803233965462
train_eval,train__falcon_h1_0_5b_base__all_eligible__gsm8k_train__seed3407,falcon_h1_0_5b_base,all_eligible,gsm8k_train,3407,16.0,32.0,hellaswag,0.302734375,512,/content/drive/MyDrive/papers-tecnicos/3-LoRA-Placement/results/eval_details/train__falcon_h1_0_5b_base__all_eligible__gsm8k_train__seed3407__inline_eval__hellaswag.jsonl,accuracy,3.226442044708464,5.4849514760043885,/content/drive/MyDrive/papers-tecnicos/3-LoRA-Placement/models/train__falcon_h1_0_5b_base__all_eligible__gsm8k_train__seed3407/final_adapter,11466496.0,2.1518067188412497,0.330078125,-0.02734375,0.302734375,0.0,-0.004985230975993802
train_eval,train__falcon_h1_0_5b_base__all_eligible__ultrachat__seed3407,falcon_h1_0_5b_base,all_eligible,ultrachat,3407,16.0,32.0,mmlu,0.509765625,512,/workspace/papers-tecnicos/3-LoRA-Placement/results/eval_details/train__falcon_h1_0_5b_base__all_eligible__ultrachat__seed3407__inline_eval__mmlu.jsonl,accuracy,2.6302742994493906,,/workspace/papers-tecnicos/3-LoRA-Placement/models/train__falcon_h1_0_5b_base__all_eligible__ultrachat__seed3407/final_adapter,11466496.0,2.1518067188412497,0.517578125,-0.0078125,0.509765625,0.0,
train_eval,train__falcon_h1_0_5b_base__all_eligible__ultrachat__seed3407,falcon_h1_0_5b_base,all_eligible,ultrachat,3407,16.0,32.0,gsm8k,0.4296875,256,/workspace/papers-tecnicos/3-LoRA-Placement/results/eval_details/train__falcon_h1_0_5b_base__all_eligible__ultrachat__seed3407__inline_eval__gsm8k.jsonl,accuracy,2.6302742994493906,,/workspace/papers-tecnicos/3-LoRA-Placement/models/train__falcon_h1_0_5b_base__all_eligible__ultrachat__seed3407/final_adapter,11466496.0,2.1518067188412497,0.3828125,0.046875,0.4296875,0.0,
train_eval,train__falcon_h1_0_5b_base__all_eligible__ultrachat__seed3407,falcon_h1_0_5b_base,all_eligible,ultrachat,3407,16.0,32.0,arc_challenge,0.7290969899665551,299,/workspace/papers-tecnicos/3-LoRA-Placement/results/eval_details/train__falcon_h1_0_5b_base__all_eligible__ultrachat__seed3407__inline_eval__arc_challenge.jsonl,accuracy,2.6302742994493906,,/workspace/papers-tecnicos/3-LoRA-Placement/models/train__falcon_h1_0_5b_base__all_eligible__ultrachat__seed3407/final_adapter,11466496.0,2.1518067188412497,0.7424749163879598,-0.013377926421404673,0.7290969899665551,0.0,
train_eval,train__falcon_h1_0_5b_base__all_eligible__ultrachat__seed3407,falcon_h1_0_5b_base,all_eligible,ultrachat,3407,16.0,32.0,hellaswag,0.287109375,512,/workspace/papers-tecnicos/3-LoRA-Placement/results/eval_details/train__falcon_h1_0_5b_base__all_eligible__ultrachat__seed3407__inline_eval__hellaswag.jsonl,accuracy,2.6302742994493906,,/workspace/papers-tecnicos/3-LoRA-Placement/models/train__falcon_h1_0_5b_base__all_eligible__ultrachat__seed3407/final_adapter,11466496.0,2.1518067188412497,0.330078125,-0.04296875,0.287109375,0.0,
train_eval,train__falcon_h1_0_5b_base__attention_only__codealpaca__seed3407,falcon_h1_0_5b_base,attention_only,codealpaca,3407,16.0,32.0,mmlu,0.513671875,512,/content/drive/MyDrive/papers-tecnicos/3-LoRA-Placement/results/eval_details/train__falcon_h1_0_5b_base__attention_only__codealpaca__seed3407__inline_eval__mmlu.jsonl,accuracy,2.325406915744146,3.953191756765048,/content/drive/MyDrive/papers-tecnicos/3-LoRA-Placement/models/train__falcon_h1_0_5b_base__attention_only__codealpaca__seed3407/final_adapter,2211840.0,0.4224108254507656,0.517578125,-0.00390625,0.515625,-0.001953125,-0.0009881256059272316
train_eval,train__falcon_h1_0_5b_base__attention_only__codealpaca__seed3407,falcon_h1_0_5b_base,attention_only,codealpaca,3407,16.0,32.0,gsm8k,0.390625,256,/content/drive/MyDrive/papers-tecnicos/3-LoRA-Placement/results/eval_details/train__falcon_h1_0_5b_base__attention_only__codealpaca__seed3407__inline_eval__gsm8k.jsonl,accuracy,2.325406915744146,3.953191756765048,/content/drive/MyDrive/papers-tecnicos/3-LoRA-Placement/models/train__falcon_h1_0_5b_base__attention_only__codealpaca__seed3407/final_adapter,2211840.0,0.4224108254507656,0.3828125,0.0078125,0.359375,0.03125,0.0019762512118544633
train_eval,train__falcon_h1_0_5b_base__attention_only__codealpaca__seed3407,falcon_h1_0_5b_base,attention_only,codealpaca,3407,16.0,32.0,arc_challenge,0.7391304347826086,299,/content/drive/MyDrive/papers-tecnicos/3-LoRA-Placement/results/eval_details/train__falcon_h1_0_5b_base__attention_only__codealpaca__seed3407__inline_eval__arc_challenge.jsonl,accuracy,2.325406915744146,3.953191756765048,/content/drive/MyDrive/papers-tecnicos/3-LoRA-Placement/models/train__falcon_h1_0_5b_base__attention_only__codealpaca__seed3407/final_adapter,2211840.0,0.4224108254507656,0.7424749163879598,-0.0033444816053511683,0.725752508361204,0.013377926421404673,-0.0008460205856768264
train_eval,train__falcon_h1_0_5b_base__attention_only__codealpaca__seed3407,falcon_h1_0_5b_base,attention_only,codealpaca,3407,16.0,32.0,hellaswag,0.3359375,512,/content/drive/MyDrive/papers-tecnicos/3-LoRA-Placement/results/eval_details/train__falcon_h1_0_5b_base__attention_only__codealpaca__seed3407__inline_eval__hellaswag.jsonl,accuracy,2.325406915744146,3.953191756765048,/content/drive/MyDrive/papers-tecnicos/3-LoRA-Placement/models/train__falcon_h1_0_5b_base__attention_only__codealpaca__seed3407/final_adapter,2211840.0,0.4224108254507656,0.330078125,0.005859375,0.314453125,0.021484375,0.0014821884088908473
train_eval,train__falcon_h1_0_5b_base__attention_only__codealpaca__seed3407,falcon_h1_0_5b_base,attention_only,codealpaca,3407,16.0,32.0,humaneval,,164,/content/drive/MyDrive/papers-tecnicos/3-LoRA-Placement/results/eval_details/train__falcon_h1_0_5b_base__attention_only__codealpaca__seed3407__inline_eval__humaneval.jsonl,pass@1_unavailable,2.325406915744146,3.953191756765048,/content/drive/MyDrive/papers-tecnicos/3-LoRA-Placement/models/train__falcon_h1_0_5b_base__attention_only__codealpaca__seed3407/final_adapter,2211840.0,0.4224108254507656,,,,,
train_eval,train__falcon_h1_0_5b_base__attention_only__gsm8k_train__seed3407,falcon_h1_0_5b_base,attention_only,gsm8k_train,3407,16.0,32.0,mmlu,0.501953125,512,/content/drive/MyDrive/papers-tecnicos/3-LoRA-Placement/results/eval_details/train__falcon_h1_0_5b_base__attention_only__gsm8k_train__seed3407__inline_eval__mmlu.jsonl,accuracy,1.3857651578717762,2.3558007683820197,/content/drive/MyDrive/papers-tecnicos/3-LoRA-Placement/models/train__falcon_h1_0_5b_base__attention_only__gsm8k_train__seed3407/final_adapter,2211840.0,0.4224108254507656,0.517578125,-0.015625,0.515625,-0.013671875,-0.006632564268467982
train_eval,train__falcon_h1_0_5b_base__attention_only__gsm8k_train__seed3407,falcon_h1_0_5b_base,attention_only,gsm8k_train,3407,16.0,32.0,gsm8k,0.5546875,256,/content/drive/MyDrive/papers-tecnicos/3-LoRA-Placement/results/eval_details/train__falcon_h1_0_5b_base__attention_only__gsm8k_train__seed3407__inline_eval__gsm8k.jsonl,accuracy,1.3857651578717762,2.3558007683820197,/content/drive/MyDrive/papers-tecnicos/3-LoRA-Placement/models/train__falcon_h1_0_5b_base__attention_only__gsm8k_train__seed3407/final_adapter,2211840.0,0.4224108254507656,0.3828125,0.171875,0.50390625,0.05078125,0.0729582069531478
train_eval,train__falcon_h1_0_5b_base__attention_only__gsm8k_train__seed3407,falcon_h1_0_5b_base,attention_only,gsm8k_train,3407,16.0,32.0,arc_challenge,0.7324414715719063,299,/content/drive/MyDrive/papers-tecnicos/3-LoRA-Placement/results/eval_details/train__falcon_h1_0_5b_base__attention_only__gsm8k_train__seed3407__inline_eval__arc_challenge.jsonl,accuracy,1.3857651578717762,2.3558007683820197,/content/drive/MyDrive/papers-tecnicos/3-LoRA-Placement/models/train__falcon_h1_0_5b_base__attention_only__gsm8k_train__seed3407/final_adapter,2211840.0,0.4224108254507656,0.7424749163879598,-0.010033444816053505,0.7123745819397993,0.02006688963210701,-0.004259037924902514
train_eval,train__falcon_h1_0_5b_base__attention_only__gsm8k_train__seed3407,falcon_h1_0_5b_base,attention_only,gsm8k_train,3407,16.0,32.0,hellaswag,0.3203125,512,/content/drive/MyDrive/papers-tecnicos/3-LoRA-Placement/results/eval_details/train__falcon_h1_0_5b_base__attention_only__gsm8k_train__seed3407__inline_eval__hellaswag.jsonl,accuracy,1.3857651578717762,2.3558007683820197,/content/drive/MyDrive/papers-tecnicos/3-LoRA-Placement/models/train__falcon_h1_0_5b_base__attention_only__gsm8k_train__seed3407/final_adapter,2211840.0,0.4224108254507656,0.330078125,-0.009765625,0.302734375,0.017578125,-0.0041453526677924886
train_eval,train__falcon_h1_0_5b_base__attention_only__ultrachat__seed3407,falcon_h1_0_5b_base,attention_only,ultrachat,3407,16.0,32.0,mmlu,0.5078125,512,/workspace/papers-tecnicos/3-LoRA-Placement/results/eval_details/train__falcon_h1_0_5b_base__attention_only__ultrachat__seed3407__inline_eval__mmlu.jsonl,accuracy,2.5904772057798175,,/workspace/papers-tecnicos/3-LoRA-Placement/models/train__falcon_h1_0_5b_base__attention_only__ultrachat__seed3407/final_adapter,2211840.0,0.4224108254507656,0.517578125,-0.009765625,0.509765625,-0.001953125,
train_eval,train__falcon_h1_0_5b_base__attention_only__ultrachat__seed3407,falcon_h1_0_5b_base,attention_only,ultrachat,3407,16.0,32.0,gsm8k,0.484375,256,/workspace/papers-tecnicos/3-LoRA-Placement/results/eval_details/train__falcon_h1_0_5b_base__attention_only__ultrachat__seed3407__inline_eval__gsm8k.jsonl,accuracy,2.5904772057798175,,/workspace/papers-tecnicos/3-LoRA-Placement/models/train__falcon_h1_0_5b_base__attention_only__ultrachat__seed3407/final_adapter,2211840.0,0.4224108254507656,0.3828125,0.1015625,0.4296875,0.0546875,
train_eval,train__falcon_h1_0_5b_base__attention_only__ultrachat__seed3407,falcon_h1_0_5b_base,attention_only,ultrachat,3407,16.0,32.0,arc_challenge,0.7357859531772575,299,/workspace/papers-tecnicos/3-LoRA-Placement/results/eval_details/train__falcon_h1_0_5b_base__attention_only__ultrachat__seed3407__inline_eval__arc_challenge.jsonl,accuracy,2.5904772057798175,,/workspace/papers-tecnicos/3-LoRA-Placement/models/train__falcon_h1_0_5b_base__attention_only__ultrachat__seed3407/final_adapter,2211840.0,0.4224108254507656,0.7424749163879598,-0.006688963210702337,0.7290969899665551,0.006688963210702337,
train_eval,train__falcon_h1_0_5b_base__attention_only__ultrachat__seed3407,falcon_h1_0_5b_base,attention_only,ultrachat,3407,16.0,32.0,hellaswag,0.314453125,512,/workspace/papers-tecnicos/3-LoRA-Placement/results/eval_details/train__falcon_h1_0_5b_base__attention_only__ultrachat__seed3407__inline_eval__hellaswag.jsonl,accuracy,2.5904772057798175,,/workspace/papers-tecnicos/3-LoRA-Placement/models/train__falcon_h1_0_5b_base__attention_only__ultrachat__seed3407/final_adapter,2211840.0,0.4224108254507656,0.330078125,-0.015625,0.287109375,0.02734375,
train_eval,train__falcon_h1_0_5b_base__attention_plus_mlp__codealpaca__seed3407,falcon_h1_0_5b_base,attention_plus_mlp,codealpaca,3407,16.0,32.0,mmlu,0.505859375,512,/workspace/papers-tecnicos/3-LoRA-Placement/results/eval_details/train__falcon_h1_0_5b_base__attention_plus_mlp__codealpaca__seed3407__inline_eval__mmlu.jsonl,accuracy,0.724098347293006,,/workspace/papers-tecnicos/3-LoRA-Placement/models/train__falcon_h1_0_5b_base__attention_plus_mlp__codealpaca__seed3407/final_adapter,7520256.0,1.421782970100317,0.517578125,-0.01171875,0.515625,-0.009765625,
train_eval,train__falcon_h1_0_5b_base__attention_plus_mlp__codealpaca__seed3407,falcon_h1_0_5b_base,attention_plus_mlp,codealpaca,3407,16.0,32.0,gsm8k,0.36328125,256,/workspace/papers-tecnicos/3-LoRA-Placement/results/eval_details/train__falcon_h1_0_5b_base__attention_plus_mlp__codealpaca__seed3407__inline_eval__gsm8k.jsonl,accuracy,0.724098347293006,,/workspace/papers-tecnicos/3-LoRA-Placement/models/train__falcon_h1_0_5b_base__attention_plus_mlp__codealpaca__seed3407/final_adapter,7520256.0,1.421782970100317,0.3828125,-0.01953125,0.359375,0.00390625,
train_eval,train__falcon_h1_0_5b_base__attention_plus_mlp__codealpaca__seed3407,falcon_h1_0_5b_base,attention_plus_mlp,codealpaca,3407,16.0,32.0,arc_challenge,0.7290969899665551,299,/workspace/papers-tecnicos/3-LoRA-Placement/results/eval_details/train__falcon_h1_0_5b_base__attention_plus_mlp__codealpaca__seed3407__inline_eval__arc_challenge.jsonl,accuracy,0.724098347293006,,/workspace/papers-tecnicos/3-LoRA-Placement/models/train__falcon_h1_0_5b_base__attention_plus_mlp__codealpaca__seed3407/final_adapter,7520256.0,1.421782970100317,0.7424749163879598,-0.013377926421404673,0.725752508361204,0.0033444816053511683,
train_eval,train__falcon_h1_0_5b_base__attention_plus_mlp__codealpaca__seed3407,falcon_h1_0_5b_base,attention_plus_mlp,codealpaca,3407,16.0,32.0,hellaswag,0.318359375,512,/workspace/papers-tecnicos/3-LoRA-Placement/results/eval_details/train__falcon_h1_0_5b_base__attention_plus_mlp__codealpaca__seed3407__inline_eval__hellaswag.jsonl,accuracy,0.724098347293006,,/workspace/papers-tecnicos/3-LoRA-Placement/models/train__falcon_h1_0_5b_base__attention_plus_mlp__codealpaca__seed3407/final_adapter,7520256.0,1.421782970100317,0.330078125,-0.01171875,0.314453125,0.00390625,
train_eval,train__falcon_h1_0_5b_base__attention_plus_mlp__codealpaca__seed3407,falcon_h1_0_5b_base,attention_plus_mlp,codealpaca,3407,16.0,32.0,humaneval,0.0,164,/workspace/papers-tecnicos/3-LoRA-Placement/results/eval_details/train__falcon_h1_0_5b_base__attention_plus_mlp__codealpaca__seed3407__inline_eval__humaneval.jsonl,pass@1,0.724098347293006,,/workspace/papers-tecnicos/3-LoRA-Placement/models/train__falcon_h1_0_5b_base__attention_plus_mlp__codealpaca__seed3407/final_adapter,7520256.0,1.421782970100317,,,,,
train_eval,train__falcon_h1_0_5b_base__attention_plus_mlp__gsm8k_train__seed3407,falcon_h1_0_5b_base,attention_plus_mlp,gsm8k_train,3407,16.0,32.0,mmlu,0.509765625,512,/content/drive/MyDrive/papers-tecnicos/3-LoRA-Placement/results/eval_details/train__falcon_h1_0_5b_base__attention_plus_mlp__gsm8k_train__seed3407__inline_eval__mmlu.jsonl,accuracy,3.185223515563541,5.414879976458019,/content/drive/MyDrive/papers-tecnicos/3-LoRA-Placement/models/train__falcon_h1_0_5b_base__attention_plus_mlp__gsm8k_train__seed3407/final_adapter,7520256.0,1.421782970100317,0.517578125,-0.0078125,0.515625,-0.005859375,-0.0014427835951980438
train_eval,train__falcon_h1_0_5b_base__attention_plus_mlp__gsm8k_train__seed3407,falcon_h1_0_5b_base,attention_plus_mlp,gsm8k_train,3407,16.0,32.0,gsm8k,0.4921875,256,/content/drive/MyDrive/papers-tecnicos/3-LoRA-Placement/results/eval_details/train__falcon_h1_0_5b_base__attention_plus_mlp__gsm8k_train__seed3407__inline_eval__gsm8k.jsonl,accuracy,3.185223515563541,5.414879976458019,/content/drive/MyDrive/papers-tecnicos/3-LoRA-Placement/models/train__falcon_h1_0_5b_base__attention_plus_mlp__gsm8k_train__seed3407/final_adapter,7520256.0,1.421782970100317,0.3828125,0.109375,0.50390625,-0.01171875,0.020198970332772615
train_eval,train__falcon_h1_0_5b_base__attention_plus_mlp__gsm8k_train__seed3407,falcon_h1_0_5b_base,attention_plus_mlp,gsm8k_train,3407,16.0,32.0,arc_challenge,0.7090301003344481,299,/content/drive/MyDrive/papers-tecnicos/3-LoRA-Placement/results/eval_details/train__falcon_h1_0_5b_base__attention_plus_mlp__gsm8k_train__seed3407__inline_eval__arc_challenge.jsonl,accuracy,3.185223515563541,5.414879976458019,/content/drive/MyDrive/papers-tecnicos/3-LoRA-Placement/models/train__falcon_h1_0_5b_base__attention_plus_mlp__gsm8k_train__seed3407/final_adapter,7520256.0,1.421782970100317,0.7424749163879598,-0.03344481605351168,0.7123745819397993,-0.0033444816053511683,-0.006176464889142123
train_eval,train__falcon_h1_0_5b_base__attention_plus_mlp__gsm8k_train__seed3407,falcon_h1_0_5b_base,attention_plus_mlp,gsm8k_train,3407,16.0,32.0,hellaswag,0.326171875,512,/content/drive/MyDrive/papers-tecnicos/3-LoRA-Placement/results/eval_details/train__falcon_h1_0_5b_base__attention_plus_mlp__gsm8k_train__seed3407__inline_eval__hellaswag.jsonl,accuracy,3.185223515563541,5.414879976458019,/content/drive/MyDrive/papers-tecnicos/3-LoRA-Placement/models/train__falcon_h1_0_5b_base__attention_plus_mlp__gsm8k_train__seed3407/final_adapter,7520256.0,1.421782970100317,0.330078125,-0.00390625,0.302734375,0.0234375,-0.0007213917975990219
train_eval,train__falcon_h1_0_5b_base__attention_plus_mlp__ultrachat__seed3407,falcon_h1_0_5b_base,attention_plus_mlp,ultrachat,3407,16.0,32.0,mmlu,0.5,512,/workspace/papers-tecnicos/3-LoRA-Placement/results/eval_details/train__falcon_h1_0_5b_base__attention_plus_mlp__ultrachat__seed3407__inline_eval__mmlu.jsonl,accuracy,2.613706000049909,,/workspace/papers-tecnicos/3-LoRA-Placement/models/train__falcon_h1_0_5b_base__attention_plus_mlp__ultrachat__seed3407/final_adapter,7520256.0,1.421782970100317,0.517578125,-0.017578125,0.509765625,-0.009765625,
train_eval,train__falcon_h1_0_5b_base__attention_plus_mlp__ultrachat__seed3407,falcon_h1_0_5b_base,attention_plus_mlp,ultrachat,3407,16.0,32.0,gsm8k,0.4921875,256,/workspace/papers-tecnicos/3-LoRA-Placement/results/eval_details/train__falcon_h1_0_5b_base__attention_plus_mlp__ultrachat__seed3407__inline_eval__gsm8k.jsonl,accuracy,2.613706000049909,,/workspace/papers-tecnicos/3-LoRA-Placement/models/train__falcon_h1_0_5b_base__attention_plus_mlp__ultrachat__seed3407/final_adapter,7520256.0,1.421782970100317,0.3828125,0.109375,0.4296875,0.0625,
train_eval,train__falcon_h1_0_5b_base__attention_plus_mlp__ultrachat__seed3407,falcon_h1_0_5b_base,attention_plus_mlp,ultrachat,3407,16.0,32.0,arc_challenge,0.7290969899665551,299,/workspace/papers-tecnicos/3-LoRA-Placement/results/eval_details/train__falcon_h1_0_5b_base__attention_plus_mlp__ultrachat__seed3407__inline_eval__arc_challenge.jsonl,accuracy,2.613706000049909,,/workspace/papers-tecnicos/3-LoRA-Placement/models/train__falcon_h1_0_5b_base__attention_plus_mlp__ultrachat__seed3407/final_adapter,7520256.0,1.421782970100317,0.7424749163879598,-0.013377926421404673,0.7290969899665551,0.0,
train_eval,train__falcon_h1_0_5b_base__attention_plus_mlp__ultrachat__seed3407,falcon_h1_0_5b_base,attention_plus_mlp,ultrachat,3407,16.0,32.0,hellaswag,0.291015625,512,/workspace/papers-tecnicos/3-LoRA-Placement/results/eval_details/train__falcon_h1_0_5b_base__attention_plus_mlp__ultrachat__seed3407__inline_eval__hellaswag.jsonl,accuracy,2.613706000049909,,/workspace/papers-tecnicos/3-LoRA-Placement/models/train__falcon_h1_0_5b_base__attention_plus_mlp__ultrachat__seed3407/final_adapter,7520256.0,1.421782970100317,0.330078125,-0.0390625,0.287109375,0.00390625,
train_eval,train__falcon_h1_0_5b_base__mlp_only__codealpaca__seed3407,falcon_h1_0_5b_base,mlp_only,codealpaca,3407,16.0,32.0,mmlu,0.51171875,512,/content/drive/MyDrive/papers-tecnicos/3-LoRA-Placement/results/eval_details/train__falcon_h1_0_5b_base__mlp_only__codealpaca__seed3407__inline_eval__mmlu.jsonl,accuracy,2.334355193707678,3.9684038293030524,/content/drive/MyDrive/papers-tecnicos/3-LoRA-Placement/models/train__falcon_h1_0_5b_base__mlp_only__codealpaca__seed3407/final_adapter,5308416.0,1.0078259488085803,0.517578125,-0.005859375,0.515625,-0.00390625,-0.0014765067397460524
train_eval,train__falcon_h1_0_5b_base__mlp_only__codealpaca__seed3407,falcon_h1_0_5b_base,mlp_only,codealpaca,3407,16.0,32.0,gsm8k,0.3203125,256,/content/drive/MyDrive/papers-tecnicos/3-LoRA-Placement/results/eval_details/train__falcon_h1_0_5b_base__mlp_only__codealpaca__seed3407__inline_eval__gsm8k.jsonl,accuracy,2.334355193707678,3.9684038293030524,/content/drive/MyDrive/papers-tecnicos/3-LoRA-Placement/models/train__falcon_h1_0_5b_base__mlp_only__codealpaca__seed3407/final_adapter,5308416.0,1.0078259488085803,0.3828125,-0.0625,0.359375,-0.0390625,-0.01574940522395789
train_eval,train__falcon_h1_0_5b_base__mlp_only__codealpaca__seed3407,falcon_h1_0_5b_base,mlp_only,codealpaca,3407,16.0,32.0,arc_challenge,0.7324414715719063,299,/content/drive/MyDrive/papers-tecnicos/3-LoRA-Placement/results/eval_details/train__falcon_h1_0_5b_base__mlp_only__codealpaca__seed3407__inline_eval__arc_challenge.jsonl,accuracy,2.334355193707678,3.9684038293030524,/content/drive/MyDrive/papers-tecnicos/3-LoRA-Placement/models/train__falcon_h1_0_5b_base__mlp_only__codealpaca__seed3407/final_adapter,5308416.0,1.0078259488085803,0.7424749163879598,-0.010033444816053505,0.725752508361204,0.006688963210702337,-0.002528332611203941
train_eval,train__falcon_h1_0_5b_base__mlp_only__codealpaca__seed3407,falcon_h1_0_5b_base,mlp_only,codealpaca,3407,16.0,32.0,hellaswag,0.3125,512,/content/drive/MyDrive/papers-tecnicos/3-LoRA-Placement/results/eval_details/train__falcon_h1_0_5b_base__mlp_only__codealpaca__seed3407__inline_eval__hellaswag.jsonl,accuracy,2.334355193707678,3.9684038293030524,/content/drive/MyDrive/papers-tecnicos/3-LoRA-Placement/models/train__falcon_h1_0_5b_base__mlp_only__codealpaca__seed3407/final_adapter,5308416.0,1.0078259488085803,0.330078125,-0.017578125,0.314453125,-0.001953125,-0.004429520219238157
train_eval,train__falcon_h1_0_5b_base__mlp_only__codealpaca__seed3407,falcon_h1_0_5b_base,mlp_only,codealpaca,3407,16.0,32.0,humaneval,,164,/content/drive/MyDrive/papers-tecnicos/3-LoRA-Placement/results/eval_details/train__falcon_h1_0_5b_base__mlp_only__codealpaca__seed3407__inline_eval__humaneval.jsonl,pass@1_unavailable,2.334355193707678,3.9684038293030524,/content/drive/MyDrive/papers-tecnicos/3-LoRA-Placement/models/train__falcon_h1_0_5b_base__mlp_only__codealpaca__seed3407/final_adapter,5308416.0,1.0078259488085803,,,,,
train_eval,train__falcon_h1_0_5b_base__mlp_only__gsm8k_train__seed3407,falcon_h1_0_5b_base,mlp_only,gsm8k_train,3407,16.0,32.0,mmlu,0.505859375,512,/content/drive/MyDrive/papers-tecnicos/3-LoRA-Placement/results/eval_details/train__falcon_h1_0_5b_base__mlp_only__gsm8k_train__seed3407__inline_eval__mmlu.jsonl,accuracy,0.0013641985919740464,0.002319137606355879,/content/drive/MyDrive/papers-tecnicos/3-LoRA-Placement/models/train__falcon_h1_0_5b_base__mlp_only__gsm8k_train__seed3407/final_adapter,5308416.0,1.0078259488085803,0.517578125,-0.01171875,0.515625,-0.009765625,-5.053063676723339
train_eval,train__falcon_h1_0_5b_base__mlp_only__gsm8k_train__seed3407,falcon_h1_0_5b_base,mlp_only,gsm8k_train,3407,16.0,32.0,gsm8k,0.5078125,256,/content/drive/MyDrive/papers-tecnicos/3-LoRA-Placement/results/eval_details/train__falcon_h1_0_5b_base__mlp_only__gsm8k_train__seed3407__inline_eval__gsm8k.jsonl,accuracy,0.0013641985919740464,0.002319137606355879,/content/drive/MyDrive/papers-tecnicos/3-LoRA-Placement/models/train__falcon_h1_0_5b_base__mlp_only__gsm8k_train__seed3407/final_adapter,5308416.0,1.0078259488085803,0.3828125,0.125,0.50390625,0.00390625,53.899345885048945
train_eval,train__falcon_h1_0_5b_base__mlp_only__gsm8k_train__seed3407,falcon_h1_0_5b_base,mlp_only,gsm8k_train,3407,16.0,32.0,arc_challenge,0.7090301003344481,299,/content/drive/MyDrive/papers-tecnicos/3-LoRA-Placement/results/eval_details/train__falcon_h1_0_5b_base__mlp_only__gsm8k_train__seed3407__inline_eval__arc_challenge.jsonl,accuracy,0.0013641985919740464,0.002319137606355879,/content/drive/MyDrive/papers-tecnicos/3-LoRA-Placement/models/train__falcon_h1_0_5b_base__mlp_only__gsm8k_train__seed3407/final_adapter,5308416.0,1.0078259488085803,0.7424749163879598,-0.03344481605351168,0.7123745819397993,-0.0033444816053511683,-14.42122966824051
train_eval,train__falcon_h1_0_5b_base__mlp_only__gsm8k_train__seed3407,falcon_h1_0_5b_base,mlp_only,gsm8k_train,3407,16.0,32.0,hellaswag,0.326171875,512,/content/drive/MyDrive/papers-tecnicos/3-LoRA-Placement/results/eval_details/train__falcon_h1_0_5b_base__mlp_only__gsm8k_train__seed3407__inline_eval__hellaswag.jsonl,accuracy,0.0013641985919740464,0.002319137606355879,/content/drive/MyDrive/papers-tecnicos/3-LoRA-Placement/models/train__falcon_h1_0_5b_base__mlp_only__gsm8k_train__seed3407/final_adapter,5308416.0,1.0078259488085803,0.330078125,-0.00390625,0.302734375,0.0234375,-1.6843545589077795
train_eval,train__falcon_h1_0_5b_base__mlp_only__ultrachat__seed3407,falcon_h1_0_5b_base,mlp_only,ultrachat,3407,16.0,32.0,mmlu,0.5078125,512,/workspace/papers-tecnicos/3-LoRA-Placement/results/eval_details/train__falcon_h1_0_5b_base__mlp_only__ultrachat__seed3407__inline_eval__mmlu.jsonl,accuracy,2.6000437507364484,,/workspace/papers-tecnicos/3-LoRA-Placement/models/train__falcon_h1_0_5b_base__mlp_only__ultrachat__seed3407/final_adapter,5308416.0,1.0078259488085803,0.517578125,-0.009765625,0.509765625,-0.001953125,
train_eval,train__falcon_h1_0_5b_base__mlp_only__ultrachat__seed3407,falcon_h1_0_5b_base,mlp_only,ultrachat,3407,16.0,32.0,gsm8k,0.46875,256,/workspace/papers-tecnicos/3-LoRA-Placement/results/eval_details/train__falcon_h1_0_5b_base__mlp_only__ultrachat__seed3407__inline_eval__gsm8k.jsonl,accuracy,2.6000437507364484,,/workspace/papers-tecnicos/3-LoRA-Placement/models/train__falcon_h1_0_5b_base__mlp_only__ultrachat__seed3407/final_adapter,5308416.0,1.0078259488085803,0.3828125,0.0859375,0.4296875,0.0390625,
train_eval,train__falcon_h1_0_5b_base__mlp_only__ultrachat__seed3407,falcon_h1_0_5b_base,mlp_only,ultrachat,3407,16.0,32.0,arc_challenge,0.725752508361204,299,/workspace/papers-tecnicos/3-LoRA-Placement/results/eval_details/train__falcon_h1_0_5b_base__mlp_only__ultrachat__seed3407__inline_eval__arc_challenge.jsonl,accuracy,2.6000437507364484,,/workspace/papers-tecnicos/3-LoRA-Placement/models/train__falcon_h1_0_5b_base__mlp_only__ultrachat__seed3407/final_adapter,5308416.0,1.0078259488085803,0.7424749163879598,-0.01672240802675584,0.7290969899665551,-0.0033444816053511683,
train_eval,train__falcon_h1_0_5b_base__mlp_only__ultrachat__seed3407,falcon_h1_0_5b_base,mlp_only,ultrachat,3407,16.0,32.0,hellaswag,0.29296875,512,/workspace/papers-tecnicos/3-LoRA-Placement/results/eval_details/train__falcon_h1_0_5b_base__mlp_only__ultrachat__seed3407__inline_eval__hellaswag.jsonl,accuracy,2.6000437507364484,,/workspace/papers-tecnicos/3-LoRA-Placement/models/train__falcon_h1_0_5b_base__mlp_only__ultrachat__seed3407/final_adapter,5308416.0,1.0078259488085803,0.330078125,-0.037109375,0.287109375,0.005859375,
train_eval,train__falcon_h1_0_5b_base__ssm_only__codealpaca__seed3407,falcon_h1_0_5b_base,ssm_only,codealpaca,3407,16.0,32.0,mmlu,0.517578125,512,/content/drive/MyDrive/papers-tecnicos/3-LoRA-Placement/results/eval_details/train__falcon_h1_0_5b_base__ssm_only__codealpaca__seed3407__inline_eval__mmlu.jsonl,accuracy,2.3185026872820322,3.941454568379455,/content/drive/MyDrive/papers-tecnicos/3-LoRA-Placement/models/train__falcon_h1_0_5b_base__ssm_only__codealpaca__seed3407/final_adapter,2520576.0,0.4810886793484219,0.517578125,0.0,0.515625,0.001953125,0.0
train_eval,train__falcon_h1_0_5b_base__ssm_only__codealpaca__seed3407,falcon_h1_0_5b_base,ssm_only,codealpaca,3407,16.0,32.0,gsm8k,0.3203125,256,/content/drive/MyDrive/papers-tecnicos/3-LoRA-Placement/results/eval_details/train__falcon_h1_0_5b_base__ssm_only__codealpaca__seed3407__inline_eval__gsm8k.jsonl,accuracy,2.3185026872820322,3.941454568379455,/content/drive/MyDrive/papers-tecnicos/3-LoRA-Placement/models/train__falcon_h1_0_5b_base__ssm_only__codealpaca__seed3407/final_adapter,2520576.0,0.4810886793484219,0.3828125,-0.0625,0.359375,-0.0390625,-0.01585709004523605
train_eval,train__falcon_h1_0_5b_base__ssm_only__codealpaca__seed3407,falcon_h1_0_5b_base,ssm_only,codealpaca,3407,16.0,32.0,arc_challenge,0.7290969899665551,299,/content/drive/MyDrive/papers-tecnicos/3-LoRA-Placement/results/eval_details/train__falcon_h1_0_5b_base__ssm_only__codealpaca__seed3407__inline_eval__arc_challenge.jsonl,accuracy,2.3185026872820322,3.941454568379455,/content/drive/MyDrive/papers-tecnicos/3-LoRA-Placement/models/train__falcon_h1_0_5b_base__ssm_only__codealpaca__seed3407/final_adapter,2520576.0,0.4810886793484219,0.7424749163879598,-0.013377926421404673,0.725752508361204,0.0033444816053511683,-0.0033941597421241016
train_eval,train__falcon_h1_0_5b_base__ssm_only__codealpaca__seed3407,falcon_h1_0_5b_base,ssm_only,codealpaca,3407,16.0,32.0,hellaswag,0.326171875,512,/content/drive/MyDrive/papers-tecnicos/3-LoRA-Placement/results/eval_details/train__falcon_h1_0_5b_base__ssm_only__codealpaca__seed3407__inline_eval__hellaswag.jsonl,accuracy,2.3185026872820322,3.941454568379455,/content/drive/MyDrive/papers-tecnicos/3-LoRA-Placement/models/train__falcon_h1_0_5b_base__ssm_only__codealpaca__seed3407/final_adapter,2520576.0,0.4810886793484219,0.330078125,-0.00390625,0.314453125,0.01171875,-0.000991068127827253
train_eval,train__falcon_h1_0_5b_base__ssm_only__codealpaca__seed3407,falcon_h1_0_5b_base,ssm_only,codealpaca,3407,16.0,32.0,humaneval,,164,/content/drive/MyDrive/papers-tecnicos/3-LoRA-Placement/results/eval_details/train__falcon_h1_0_5b_base__ssm_only__codealpaca__seed3407__inline_eval__humaneval.jsonl,pass@1_unavailable,2.3185026872820322,3.941454568379455,/content/drive/MyDrive/papers-tecnicos/3-LoRA-Placement/models/train__falcon_h1_0_5b_base__ssm_only__codealpaca__seed3407/final_adapter,2520576.0,0.4810886793484219,,,,,
train_eval,train__falcon_h1_0_5b_base__ssm_only__gsm8k_train__seed3407,falcon_h1_0_5b_base,ssm_only,gsm8k_train,3407,16.0,32.0,mmlu,0.5234375,512,/content/drive/MyDrive/papers-tecnicos/3-LoRA-Placement/results/eval_details/train__falcon_h1_0_5b_base__ssm_only__gsm8k_train__seed3407__inline_eval__mmlu.jsonl,accuracy,3.1545264771249557,5.362695011112424,/content/drive/MyDrive/papers-tecnicos/3-LoRA-Placement/models/train__falcon_h1_0_5b_base__ssm_only__gsm8k_train__seed3407/final_adapter,2520576.0,0.4810886793484219,0.517578125,0.005859375,0.515625,0.0078125,0.0010926176088437566
train_eval,train__falcon_h1_0_5b_base__ssm_only__gsm8k_train__seed3407,falcon_h1_0_5b_base,ssm_only,gsm8k_train,3407,16.0,32.0,gsm8k,0.46875,256,/content/drive/MyDrive/papers-tecnicos/3-LoRA-Placement/results/eval_details/train__falcon_h1_0_5b_base__ssm_only__gsm8k_train__seed3407__inline_eval__gsm8k.jsonl,accuracy,3.1545264771249557,5.362695011112424,/content/drive/MyDrive/papers-tecnicos/3-LoRA-Placement/models/train__falcon_h1_0_5b_base__ssm_only__gsm8k_train__seed3407/final_adapter,2520576.0,0.4810886793484219,0.3828125,0.0859375,0.50390625,-0.03515625,0.016025058263041764
train_eval,train__falcon_h1_0_5b_base__ssm_only__gsm8k_train__seed3407,falcon_h1_0_5b_base,ssm_only,gsm8k_train,3407,16.0,32.0,arc_challenge,0.7290969899665551,299,/content/drive/MyDrive/papers-tecnicos/3-LoRA-Placement/results/eval_details/train__falcon_h1_0_5b_base__ssm_only__gsm8k_train__seed3407__inline_eval__arc_challenge.jsonl,accuracy,3.1545264771249557,5.362695011112424,/content/drive/MyDrive/papers-tecnicos/3-LoRA-Placement/models/train__falcon_h1_0_5b_base__ssm_only__gsm8k_train__seed3407/final_adapter,2520576.0,0.4810886793484219,0.7424749163879598,-0.013377926421404673,0.7123745819397993,0.01672240802675584,-0.0024946274948851863
train_eval,train__falcon_h1_0_5b_base__ssm_only__gsm8k_train__seed3407,falcon_h1_0_5b_base,ssm_only,gsm8k_train,3407,16.0,32.0,hellaswag,0.3046875,512,/content/drive/MyDrive/papers-tecnicos/3-LoRA-Placement/results/eval_details/train__falcon_h1_0_5b_base__ssm_only__gsm8k_train__seed3407__inline_eval__hellaswag.jsonl,accuracy,3.1545264771249557,5.362695011112424,/content/drive/MyDrive/papers-tecnicos/3-LoRA-Placement/models/train__falcon_h1_0_5b_base__ssm_only__gsm8k_train__seed3407/final_adapter,2520576.0,0.4810886793484219,0.330078125,-0.025390625,0.302734375,0.001953125,-0.004734676304989612
train_eval,train__falcon_h1_0_5b_base__ssm_only__ultrachat__seed3407,falcon_h1_0_5b_base,ssm_only,ultrachat,3407,16.0,32.0,mmlu,0.517578125,512,/workspace/papers-tecnicos/3-LoRA-Placement/results/eval_details/train__falcon_h1_0_5b_base__ssm_only__ultrachat__seed3407__inline_eval__mmlu.jsonl,accuracy,2.584611499574449,,/workspace/papers-tecnicos/3-LoRA-Placement/models/train__falcon_h1_0_5b_base__ssm_only__ultrachat__seed3407/final_adapter,2520576.0,0.4810886793484219,0.517578125,0.0,0.509765625,0.0078125,
train_eval,train__falcon_h1_0_5b_base__ssm_only__ultrachat__seed3407,falcon_h1_0_5b_base,ssm_only,ultrachat,3407,16.0,32.0,gsm8k,0.48828125,256,/workspace/papers-tecnicos/3-LoRA-Placement/results/eval_details/train__falcon_h1_0_5b_base__ssm_only__ultrachat__seed3407__inline_eval__gsm8k.jsonl,accuracy,2.584611499574449,,/workspace/papers-tecnicos/3-LoRA-Placement/models/train__falcon_h1_0_5b_base__ssm_only__ultrachat__seed3407/final_adapter,2520576.0,0.4810886793484219,0.3828125,0.10546875,0.4296875,0.05859375,
train_eval,train__falcon_h1_0_5b_base__ssm_only__ultrachat__seed3407,falcon_h1_0_5b_base,ssm_only,ultrachat,3407,16.0,32.0,arc_challenge,0.7391304347826086,299,/workspace/papers-tecnicos/3-LoRA-Placement/results/eval_details/train__falcon_h1_0_5b_base__ssm_only__ultrachat__seed3407__inline_eval__arc_challenge.jsonl,accuracy,2.584611499574449,,/workspace/papers-tecnicos/3-LoRA-Placement/models/train__falcon_h1_0_5b_base__ssm_only__ultrachat__seed3407/final_adapter,2520576.0,0.4810886793484219,0.7424749163879598,-0.0033444816053511683,0.7290969899665551,0.010033444816053505,
train_eval,train__falcon_h1_0_5b_base__ssm_only__ultrachat__seed3407,falcon_h1_0_5b_base,ssm_only,ultrachat,3407,16.0,32.0,hellaswag,0.306640625,512,/workspace/papers-tecnicos/3-LoRA-Placement/results/eval_details/train__falcon_h1_0_5b_base__ssm_only__ultrachat__seed3407__inline_eval__hellaswag.jsonl,accuracy,2.584611499574449,,/workspace/papers-tecnicos/3-LoRA-Placement/models/train__falcon_h1_0_5b_base__ssm_only__ultrachat__seed3407/final_adapter,2520576.0,0.4810886793484219,0.330078125,-0.0234375,0.287109375,0.01953125,
train_eval,train__falcon_h1_0_5b_base__ssm_plus_mlp__codealpaca__seed3407,falcon_h1_0_5b_base,ssm_plus_mlp,codealpaca,3407,16.0,32.0,mmlu,0.51953125,512,/workspace/papers-tecnicos/3-LoRA-Placement/results/eval_details/train__falcon_h1_0_5b_base__ssm_plus_mlp__codealpaca__seed3407__inline_eval__mmlu.jsonl,accuracy,0.7186729747719235,,/workspace/papers-tecnicos/3-LoRA-Placement/models/train__falcon_h1_0_5b_base__ssm_plus_mlp__codealpaca__seed3407/final_adapter,7828992.0,1.4792892789438237,0.517578125,0.001953125,0.515625,0.00390625,
train_eval,train__falcon_h1_0_5b_base__ssm_plus_mlp__codealpaca__seed3407,falcon_h1_0_5b_base,ssm_plus_mlp,codealpaca,3407,16.0,32.0,gsm8k,0.3515625,256,/workspace/papers-tecnicos/3-LoRA-Placement/results/eval_details/train__falcon_h1_0_5b_base__ssm_plus_mlp__codealpaca__seed3407__inline_eval__gsm8k.jsonl,accuracy,0.7186729747719235,,/workspace/papers-tecnicos/3-LoRA-Placement/models/train__falcon_h1_0_5b_base__ssm_plus_mlp__codealpaca__seed3407/final_adapter,7828992.0,1.4792892789438237,0.3828125,-0.03125,0.359375,-0.0078125,
train_eval,train__falcon_h1_0_5b_base__ssm_plus_mlp__codealpaca__seed3407,falcon_h1_0_5b_base,ssm_plus_mlp,codealpaca,3407,16.0,32.0,arc_challenge,0.725752508361204,299,/workspace/papers-tecnicos/3-LoRA-Placement/results/eval_details/train__falcon_h1_0_5b_base__ssm_plus_mlp__codealpaca__seed3407__inline_eval__arc_challenge.jsonl,accuracy,0.7186729747719235,,/workspace/papers-tecnicos/3-LoRA-Placement/models/train__falcon_h1_0_5b_base__ssm_plus_mlp__codealpaca__seed3407/final_adapter,7828992.0,1.4792892789438237,0.7424749163879598,-0.01672240802675584,0.725752508361204,0.0,
train_eval,train__falcon_h1_0_5b_base__ssm_plus_mlp__codealpaca__seed3407,falcon_h1_0_5b_base,ssm_plus_mlp,codealpaca,3407,16.0,32.0,hellaswag,0.31640625,512,/workspace/papers-tecnicos/3-LoRA-Placement/results/eval_details/train__falcon_h1_0_5b_base__ssm_plus_mlp__codealpaca__seed3407__inline_eval__hellaswag.jsonl,accuracy,0.7186729747719235,,/workspace/papers-tecnicos/3-LoRA-Placement/models/train__falcon_h1_0_5b_base__ssm_plus_mlp__codealpaca__seed3407/final_adapter,7828992.0,1.4792892789438237,0.330078125,-0.013671875,0.314453125,0.001953125,
train_eval,train__falcon_h1_0_5b_base__ssm_plus_mlp__codealpaca__seed3407,falcon_h1_0_5b_base,ssm_plus_mlp,codealpaca,3407,16.0,32.0,humaneval,0.0,164,/workspace/papers-tecnicos/3-LoRA-Placement/results/eval_details/train__falcon_h1_0_5b_base__ssm_plus_mlp__codealpaca__seed3407__inline_eval__humaneval.jsonl,pass@1,0.7186729747719235,,/workspace/papers-tecnicos/3-LoRA-Placement/models/train__falcon_h1_0_5b_base__ssm_plus_mlp__codealpaca__seed3407/final_adapter,7828992.0,1.4792892789438237,,,,,
train_eval,train__falcon_h1_0_5b_base__ssm_plus_mlp__gsm8k_train__seed3407,falcon_h1_0_5b_base,ssm_plus_mlp,gsm8k_train,3407,16.0,32.0,mmlu,0.515625,512,/content/drive/MyDrive/papers-tecnicos/3-LoRA-Placement/results/eval_details/train__falcon_h1_0_5b_base__ssm_plus_mlp__gsm8k_train__seed3407__inline_eval__mmlu.jsonl,accuracy,0.006080807646115621,0.010337372998396556,/content/drive/MyDrive/papers-tecnicos/3-LoRA-Placement/models/train__falcon_h1_0_5b_base__ssm_plus_mlp__gsm8k_train__seed3407/final_adapter,7828992.0,1.4792892789438237,0.517578125,-0.001953125,0.515625,0.0,-0.18893823414352484
train_eval,train__falcon_h1_0_5b_base__ssm_plus_mlp__gsm8k_train__seed3407,falcon_h1_0_5b_base,ssm_plus_mlp,gsm8k_train,3407,16.0,32.0,gsm8k,0.5078125,256,/content/drive/MyDrive/papers-tecnicos/3-LoRA-Placement/results/eval_details/train__falcon_h1_0_5b_base__ssm_plus_mlp__gsm8k_train__seed3407__inline_eval__gsm8k.jsonl,accuracy,0.006080807646115621,0.010337372998396556,/content/drive/MyDrive/papers-tecnicos/3-LoRA-Placement/models/train__falcon_h1_0_5b_base__ssm_plus_mlp__gsm8k_train__seed3407/final_adapter,7828992.0,1.4792892789438237,0.3828125,0.125,0.50390625,0.00390625,12.09204698518559
train_eval,train__falcon_h1_0_5b_base__ssm_plus_mlp__gsm8k_train__seed3407,falcon_h1_0_5b_base,ssm_plus_mlp,gsm8k_train,3407,16.0,32.0,arc_challenge,0.7123745819397993,299,/content/drive/MyDrive/papers-tecnicos/3-LoRA-Placement/results/eval_details/train__falcon_h1_0_5b_base__ssm_plus_mlp__gsm8k_train__seed3407__inline_eval__arc_challenge.jsonl,accuracy,0.006080807646115621,0.010337372998396556,/content/drive/MyDrive/papers-tecnicos/3-LoRA-Placement/models/train__falcon_h1_0_5b_base__ssm_plus_mlp__gsm8k_train__seed3407/final_adapter,7828992.0,1.4792892789438237,0.7424749163879598,-0.030100334448160515,0.7123745819397993,0.0,-2.911797267335659
train_eval,train__falcon_h1_0_5b_base__ssm_plus_mlp__gsm8k_train__seed3407,falcon_h1_0_5b_base,ssm_plus_mlp,gsm8k_train,3407,16.0,32.0,hellaswag,0.306640625,512,/content/drive/MyDrive/papers-tecnicos/3-LoRA-Placement/results/eval_details/train__falcon_h1_0_5b_base__ssm_plus_mlp__gsm8k_train__seed3407__inline_eval__hellaswag.jsonl,accuracy,0.006080807646115621,0.010337372998396556,/content/drive/MyDrive/papers-tecnicos/3-LoRA-Placement/models/train__falcon_h1_0_5b_base__ssm_plus_mlp__gsm8k_train__seed3407/final_adapter,7828992.0,1.4792892789438237,0.330078125,-0.0234375,0.302734375,0.00390625,-2.267258809722298
train_eval,train__falcon_h1_0_5b_base__ssm_plus_mlp__ultrachat__seed3407,falcon_h1_0_5b_base,ssm_plus_mlp,ultrachat,3407,16.0,32.0,mmlu,0.5078125,512,/workspace/papers-tecnicos/3-LoRA-Placement/results/eval_details/train__falcon_h1_0_5b_base__ssm_plus_mlp__ultrachat__seed3407__inline_eval__mmlu.jsonl,accuracy,2.6086066296365527,,/workspace/papers-tecnicos/3-LoRA-Placement/models/train__falcon_h1_0_5b_base__ssm_plus_mlp__ultrachat__seed3407/final_adapter,7828992.0,1.4792892789438237,0.517578125,-0.009765625,0.509765625,-0.001953125,
train_eval,train__falcon_h1_0_5b_base__ssm_plus_mlp__ultrachat__seed3407,falcon_h1_0_5b_base,ssm_plus_mlp,ultrachat,3407,16.0,32.0,gsm8k,0.47265625,256,/workspace/papers-tecnicos/3-LoRA-Placement/results/eval_details/train__falcon_h1_0_5b_base__ssm_plus_mlp__ultrachat__seed3407__inline_eval__gsm8k.jsonl,accuracy,2.6086066296365527,,/workspace/papers-tecnicos/3-LoRA-Placement/models/train__falcon_h1_0_5b_base__ssm_plus_mlp__ultrachat__seed3407/final_adapter,7828992.0,1.4792892789438237,0.3828125,0.08984375,0.4296875,0.04296875,
train_eval,train__falcon_h1_0_5b_base__ssm_plus_mlp__ultrachat__seed3407,falcon_h1_0_5b_base,ssm_plus_mlp,ultrachat,3407,16.0,32.0,arc_challenge,0.7391304347826086,299,/workspace/papers-tecnicos/3-LoRA-Placement/results/eval_details/train__falcon_h1_0_5b_base__ssm_plus_mlp__ultrachat__seed3407__inline_eval__arc_challenge.jsonl,accuracy,2.6086066296365527,,/workspace/papers-tecnicos/3-LoRA-Placement/models/train__falcon_h1_0_5b_base__ssm_plus_mlp__ultrachat__seed3407/final_adapter,7828992.0,1.4792892789438237,0.7424749163879598,-0.0033444816053511683,0.7290969899665551,0.010033444816053505,
train_eval,train__falcon_h1_0_5b_base__ssm_plus_mlp__ultrachat__seed3407,falcon_h1_0_5b_base,ssm_plus_mlp,ultrachat,3407,16.0,32.0,hellaswag,0.30078125,512,/workspace/papers-tecnicos/3-LoRA-Placement/results/eval_details/train__falcon_h1_0_5b_base__ssm_plus_mlp__ultrachat__seed3407__inline_eval__hellaswag.jsonl,accuracy,2.6086066296365527,,/workspace/papers-tecnicos/3-LoRA-Placement/models/train__falcon_h1_0_5b_base__ssm_plus_mlp__ultrachat__seed3407/final_adapter,7828992.0,1.4792892789438237,0.330078125,-0.029296875,0.287109375,0.013671875,
train_eval,train__qwen3_5_0_8b_base__all_layers__codealpaca__seed3407,qwen3_5_0_8b_base,all_layers,codealpaca,3407,16.0,32.0,mmlu,0.486328125,512,/content/drive/MyDrive/papers-tecnicos/3-LoRA-Placement/results/eval_details/train__qwen3_5_0_8b_base__all_layers__codealpaca__seed3407__inline_eval__mmlu.jsonl,accuracy,0.698891985880004,1.1881163759960067,/content/drive/MyDrive/papers-tecnicos/3-LoRA-Placement/models/train__qwen3_5_0_8b_base__all_layers__codealpaca__seed3407/final_adapter,10822656.0,1.418033759474124,0.482421875,0.00390625,0.486328125,0.0,0.003287767157257943
train_eval,train__qwen3_5_0_8b_base__all_layers__codealpaca__seed3407,qwen3_5_0_8b_base,all_layers,codealpaca,3407,16.0,32.0,gsm8k,0.078125,256,/content/drive/MyDrive/papers-tecnicos/3-LoRA-Placement/results/eval_details/train__qwen3_5_0_8b_base__all_layers__codealpaca__seed3407__inline_eval__gsm8k.jsonl,accuracy,0.698891985880004,1.1881163759960067,/content/drive/MyDrive/papers-tecnicos/3-LoRA-Placement/models/train__qwen3_5_0_8b_base__all_layers__codealpaca__seed3407/final_adapter,10822656.0,1.418033759474124,0.296875,-0.21875,0.078125,0.0,-0.1841149608064448
train_eval,train__qwen3_5_0_8b_base__all_layers__codealpaca__seed3407,qwen3_5_0_8b_base,all_layers,codealpaca,3407,16.0,32.0,arc_challenge,0.7224080267558528,299,/content/drive/MyDrive/papers-tecnicos/3-LoRA-Placement/results/eval_details/train__qwen3_5_0_8b_base__all_layers__codealpaca__seed3407__inline_eval__arc_challenge.jsonl,accuracy,0.698891985880004,1.1881163759960067,/content/drive/MyDrive/papers-tecnicos/3-LoRA-Placement/models/train__qwen3_5_0_8b_base__all_layers__codealpaca__seed3407/final_adapter,10822656.0,1.418033759474124,0.7324414715719063,-0.010033444816053505,0.7224080267558528,0.0,-0.008444833367137453
train_eval,train__qwen3_5_0_8b_base__all_layers__codealpaca__seed3407,qwen3_5_0_8b_base,all_layers,codealpaca,3407,16.0,32.0,hellaswag,0.43359375,512,/content/drive/MyDrive/papers-tecnicos/3-LoRA-Placement/results/eval_details/train__qwen3_5_0_8b_base__all_layers__codealpaca__seed3407__inline_eval__hellaswag.jsonl,accuracy,0.698891985880004,1.1881163759960067,/content/drive/MyDrive/papers-tecnicos/3-LoRA-Placement/models/train__qwen3_5_0_8b_base__all_layers__codealpaca__seed3407/final_adapter,10822656.0,1.418033759474124,0.416015625,0.017578125,0.43359375,0.0,0.014794952207660743
train_eval,train__qwen3_5_0_8b_base__all_layers__codealpaca__seed3407,qwen3_5_0_8b_base,all_layers,codealpaca,3407,16.0,32.0,humaneval,,164,/content/drive/MyDrive/papers-tecnicos/3-LoRA-Placement/results/eval_details/train__qwen3_5_0_8b_base__all_layers__codealpaca__seed3407__inline_eval__humaneval.jsonl,pass@1_unavailable,0.698891985880004,1.1881163759960067,/content/drive/MyDrive/papers-tecnicos/3-LoRA-Placement/models/train__qwen3_5_0_8b_base__all_layers__codealpaca__seed3407/final_adapter,10822656.0,1.418033759474124,,,,,
train_eval,train__qwen3_5_0_8b_base__all_layers__gsm8k_train__seed3407,qwen3_5_0_8b_base,all_layers,gsm8k_train,3407,16.0,32.0,mmlu,0.47265625,512,/content/drive/MyDrive/papers-tecnicos/3-LoRA-Placement/results/eval_details/train__qwen3_5_0_8b_base__all_layers__gsm8k_train__seed3407__inline_eval__mmlu.jsonl,accuracy,0.8030812743637297,1.3652381664183404,/content/drive/MyDrive/papers-tecnicos/3-LoRA-Placement/models/train__qwen3_5_0_8b_base__all_layers__gsm8k_train__seed3407/final_adapter,10822656.0,1.418033759474124,0.482421875,-0.009765625,0.47265625,0.0,-0.007153055957716016
train_eval,train__qwen3_5_0_8b_base__all_layers__gsm8k_train__seed3407,qwen3_5_0_8b_base,all_layers,gsm8k_train,3407,16.0,32.0,gsm8k,0.375,128,/content/drive/MyDrive/papers-tecnicos/3-LoRA-Placement/results/eval_details/train__qwen3_5_0_8b_base__all_layers__gsm8k_train__seed3407__inline_eval__gsm8k.jsonl,accuracy,0.8030812743637297,1.3652381664183404,/content/drive/MyDrive/papers-tecnicos/3-LoRA-Placement/models/train__qwen3_5_0_8b_base__all_layers__gsm8k_train__seed3407/final_adapter,10822656.0,1.418033759474124,0.296875,0.078125,0.375,0.0,0.05722444766172813
train_eval,train__qwen3_5_0_8b_base__all_layers__gsm8k_train__seed3407,qwen3_5_0_8b_base,all_layers,gsm8k_train,3407,16.0,32.0,arc_challenge,0.745819397993311,299,/content/drive/MyDrive/papers-tecnicos/3-LoRA-Placement/results/eval_details/train__qwen3_5_0_8b_base__all_layers__gsm8k_train__seed3407__inline_eval__arc_challenge.jsonl,accuracy,0.8030812743637297,1.3652381664183404,/content/drive/MyDrive/papers-tecnicos/3-LoRA-Placement/models/train__qwen3_5_0_8b_base__all_layers__gsm8k_train__seed3407/final_adapter,10822656.0,1.418033759474124,0.7324414715719063,0.013377926421404673,0.745819397993311,0.0,0.009798968964148757
train_eval,train__qwen3_5_0_8b_base__all_layers__gsm8k_train__seed3407,qwen3_5_0_8b_base,all_layers,gsm8k_train,3407,16.0,32.0,hellaswag,0.43359375,512,/content/drive/MyDrive/papers-tecnicos/3-LoRA-Placement/results/eval_details/train__qwen3_5_0_8b_base__all_layers__gsm8k_train__seed3407__inline_eval__hellaswag.jsonl,accuracy,0.8030812743637297,1.3652381664183404,/content/drive/MyDrive/papers-tecnicos/3-LoRA-Placement/models/train__qwen3_5_0_8b_base__all_layers__gsm8k_train__seed3407/final_adapter,10822656.0,1.418033759474124,0.416015625,0.017578125,0.43359375,0.0,0.012875500723888829
train_eval,train__qwen3_5_0_8b_base__all_layers__ultrachat__seed3407,qwen3_5_0_8b_base,all_layers,ultrachat,3407,16.0,32.0,mmlu,0.486328125,512,/content/drive/MyDrive/papers-tecnicos/3-LoRA-Placement/results/eval_details/train__qwen3_5_0_8b_base__all_layers__ultrachat__seed3407__inline_eval__mmlu.jsonl,accuracy,1.5303718569543627,2.6016321568224168,/content/drive/MyDrive/papers-tecnicos/3-LoRA-Placement/models/train__qwen3_5_0_8b_base__all_layers__ultrachat__seed3407/final_adapter,10822656.0,1.418033759474124,0.482421875,0.00390625,0.486328125,0.0,0.0015014612998830005
train_eval,train__qwen3_5_0_8b_base__all_layers__ultrachat__seed3407,qwen3_5_0_8b_base,all_layers,ultrachat,3407,16.0,32.0,gsm8k,0.140625,256,/content/drive/MyDrive/papers-tecnicos/3-LoRA-Placement/results/eval_details/train__qwen3_5_0_8b_base__all_layers__ultrachat__seed3407__inline_eval__gsm8k.jsonl,accuracy,1.5303718569543627,2.6016321568224168,/content/drive/MyDrive/papers-tecnicos/3-LoRA-Placement/models/train__qwen3_5_0_8b_base__all_layers__ultrachat__seed3407/final_adapter,10822656.0,1.418033759474124,0.296875,-0.15625,0.140625,0.0,-0.06005845199532002
train_eval,train__qwen3_5_0_8b_base__all_layers__ultrachat__seed3407,qwen3_5_0_8b_base,all_layers,ultrachat,3407,16.0,32.0,arc_challenge,0.7324414715719063,299,/content/drive/MyDrive/papers-tecnicos/3-LoRA-Placement/results/eval_details/train__qwen3_5_0_8b_base__all_layers__ultrachat__seed3407__inline_eval__arc_challenge.jsonl,accuracy,1.5303718569543627,2.6016321568224168,/content/drive/MyDrive/papers-tecnicos/3-LoRA-Placement/models/train__qwen3_5_0_8b_base__all_layers__ultrachat__seed3407/final_adapter,10822656.0,1.418033759474124,0.7324414715719063,0.0,0.7324414715719063,0.0,0.0
train_eval,train__qwen3_5_0_8b_base__all_layers__ultrachat__seed3407,qwen3_5_0_8b_base,all_layers,ultrachat,3407,16.0,32.0,hellaswag,0.373046875,512,/content/drive/MyDrive/papers-tecnicos/3-LoRA-Placement/results/eval_details/train__qwen3_5_0_8b_base__all_layers__ultrachat__seed3407__inline_eval__hellaswag.jsonl,accuracy,1.5303718569543627,2.6016321568224168,/content/drive/MyDrive/papers-tecnicos/3-LoRA-Placement/models/train__qwen3_5_0_8b_base__all_layers__ultrachat__seed3407/final_adapter,10822656.0,1.418033759474124,0.416015625,-0.04296875,0.373046875,0.0,-0.016516074298713004
train_eval,train__qwen3_5_0_8b_base__gdn_only__codealpaca__seed3407,qwen3_5_0_8b_base,gdn_only,codealpaca,3407,16.0,32.0,mmlu,0.478515625,512,/content/drive/MyDrive/papers-tecnicos/3-LoRA-Placement/results/eval_details/train__qwen3_5_0_8b_base__gdn_only__codealpaca__seed3407__inline_eval__mmlu.jsonl,accuracy,0.688422390487459,1.1703180638286803,/content/drive/MyDrive/papers-tecnicos/3-LoRA-Placement/models/train__qwen3_5_0_8b_base__gdn_only__codealpaca__seed3407/final_adapter,4432896.0,0.5857220112123009,0.482421875,-0.00390625,0.486328125,-0.0078125,-0.003337767843402121
train_eval,train__qwen3_5_0_8b_base__gdn_only__codealpaca__seed3407,qwen3_5_0_8b_base,gdn_only,codealpaca,3407,16.0,32.0,gsm8k,0.1015625,256,/content/drive/MyDrive/papers-tecnicos/3-LoRA-Placement/results/eval_details/train__qwen3_5_0_8b_base__gdn_only__codealpaca__seed3407__inline_eval__gsm8k.jsonl,accuracy,0.688422390487459,1.1703180638286803,/content/drive/MyDrive/papers-tecnicos/3-LoRA-Placement/models/train__qwen3_5_0_8b_base__gdn_only__codealpaca__seed3407/final_adapter,4432896.0,0.5857220112123009,0.296875,-0.1953125,0.078125,0.0234375,-0.16688839217010604
train_eval,train__qwen3_5_0_8b_base__gdn_only__codealpaca__seed3407,qwen3_5_0_8b_base,gdn_only,codealpaca,3407,16.0,32.0,arc_challenge,0.7357859531772575,299,/content/drive/MyDrive/papers-tecnicos/3-LoRA-Placement/results/eval_details/train__qwen3_5_0_8b_base__gdn_only__codealpaca__seed3407__inline_eval__arc_challenge.jsonl,accuracy,0.688422390487459,1.1703180638286803,/content/drive/MyDrive/papers-tecnicos/3-LoRA-Placement/models/train__qwen3_5_0_8b_base__gdn_only__codealpaca__seed3407/final_adapter,4432896.0,0.5857220112123009,0.7324414715719063,0.0033444816053511683,0.7224080267558528,0.013377926421404673,0.002857754407728904
train_eval,train__qwen3_5_0_8b_base__gdn_only__codealpaca__seed3407,qwen3_5_0_8b_base,gdn_only,codealpaca,3407,16.0,32.0,hellaswag,0.396484375,512,/content/drive/MyDrive/papers-tecnicos/3-LoRA-Placement/results/eval_details/train__qwen3_5_0_8b_base__gdn_only__codealpaca__seed3407__inline_eval__hellaswag.jsonl,accuracy,0.688422390487459,1.1703180638286803,/content/drive/MyDrive/papers-tecnicos/3-LoRA-Placement/models/train__qwen3_5_0_8b_base__gdn_only__codealpaca__seed3407/final_adapter,4432896.0,0.5857220112123009,0.416015625,-0.01953125,0.43359375,-0.037109375,-0.016688839217010604
train_eval,train__qwen3_5_0_8b_base__gdn_only__codealpaca__seed3407,qwen3_5_0_8b_base,gdn_only,codealpaca,3407,16.0,32.0,humaneval,0.006097560975609756,164,/content/drive/MyDrive/papers-tecnicos/3-LoRA-Placement/results/eval_details/train__qwen3_5_0_8b_base__gdn_only__codealpaca__seed3407__inline_eval__humaneval.jsonl,pass@1,0.688422390487459,1.1703180638286803,/content/drive/MyDrive/papers-tecnicos/3-LoRA-Placement/models/train__qwen3_5_0_8b_base__gdn_only__codealpaca__seed3407/final_adapter,4432896.0,0.5857220112123009,,,,,
train_eval,train__qwen3_5_0_8b_base__gdn_only__gsm8k_train__seed3407,qwen3_5_0_8b_base,gdn_only,gsm8k_train,3407,16.0,32.0,mmlu,0.48828125,512,/content/drive/MyDrive/papers-tecnicos/3-LoRA-Placement/results/eval_details/train__qwen3_5_0_8b_base__gdn_only__gsm8k_train__seed3407__inline_eval__mmlu.jsonl,accuracy,0.7712548506922192,1.3111332461767726,/content/drive/MyDrive/papers-tecnicos/3-LoRA-Placement/models/train__qwen3_5_0_8b_base__gdn_only__gsm8k_train__seed3407/final_adapter,4432896.0,0.5857220112123009,0.482421875,0.005859375,0.47265625,0.015625,0.00446893938284745
train_eval,train__qwen3_5_0_8b_base__gdn_only__gsm8k_train__seed3407,qwen3_5_0_8b_base,gdn_only,gsm8k_train,3407,16.0,32.0,gsm8k,0.1484375,128,/content/drive/MyDrive/papers-tecnicos/3-LoRA-Placement/results/eval_details/train__qwen3_5_0_8b_base__gdn_only__gsm8k_train__seed3407__inline_eval__gsm8k.jsonl,accuracy,0.7712548506922192,1.3111332461767726,/content/drive/MyDrive/papers-tecnicos/3-LoRA-Placement/models/train__qwen3_5_0_8b_base__gdn_only__gsm8k_train__seed3407/final_adapter,4432896.0,0.5857220112123009,0.296875,-0.1484375,0.375,-0.2265625,-0.1132131310321354
train_eval,train__qwen3_5_0_8b_base__gdn_only__gsm8k_train__seed3407,qwen3_5_0_8b_base,gdn_only,gsm8k_train,3407,16.0,32.0,arc_challenge,0.7324414715719063,299,/content/drive/MyDrive/papers-tecnicos/3-LoRA-Placement/results/eval_details/train__qwen3_5_0_8b_base__gdn_only__gsm8k_train__seed3407__inline_eval__arc_challenge.jsonl,accuracy,0.7712548506922192,1.3111332461767726,/content/drive/MyDrive/papers-tecnicos/3-LoRA-Placement/models/train__qwen3_5_0_8b_base__gdn_only__gsm8k_train__seed3407/final_adapter,4432896.0,0.5857220112123009,0.7324414715719063,0.0,0.745819397993311,-0.013377926421404673,0.0
train_eval,train__qwen3_5_0_8b_base__gdn_only__gsm8k_train__seed3407,qwen3_5_0_8b_base,gdn_only,gsm8k_train,3407,16.0,32.0,hellaswag,0.451171875,512,/content/drive/MyDrive/papers-tecnicos/3-LoRA-Placement/results/eval_details/train__qwen3_5_0_8b_base__gdn_only__gsm8k_train__seed3407__inline_eval__hellaswag.jsonl,accuracy,0.7712548506922192,1.3111332461767726,/content/drive/MyDrive/papers-tecnicos/3-LoRA-Placement/models/train__qwen3_5_0_8b_base__gdn_only__gsm8k_train__seed3407/final_adapter,4432896.0,0.5857220112123009,0.416015625,0.03515625,0.43359375,0.017578125,0.0268136362970847
train_eval,train__qwen3_5_0_8b_base__gdn_only__ultrachat__seed3407,qwen3_5_0_8b_base,gdn_only,ultrachat,3407,16.0,32.0,mmlu,0.48828125,512,/content/drive/MyDrive/papers-tecnicos/3-LoRA-Placement/results/eval_details/train__qwen3_5_0_8b_base__gdn_only__ultrachat__seed3407__inline_eval__mmlu.jsonl,accuracy,1.424419398771392,2.4215129779113664,/content/drive/MyDrive/papers-tecnicos/3-LoRA-Placement/models/train__qwen3_5_0_8b_base__gdn_only__ultrachat__seed3407/final_adapter,4432896.0,0.5857220112123009,0.482421875,0.005859375,0.486328125,0.001953125,0.0024197165381512433
train_eval,train__qwen3_5_0_8b_base__gdn_only__ultrachat__seed3407,qwen3_5_0_8b_base,gdn_only,ultrachat,3407,16.0,32.0,gsm8k,0.2421875,256,/content/drive/MyDrive/papers-tecnicos/3-LoRA-Placement/results/eval_details/train__qwen3_5_0_8b_base__gdn_only__ultrachat__seed3407__inline_eval__gsm8k.jsonl,accuracy,1.424419398771392,2.4215129779113664,/content/drive/MyDrive/papers-tecnicos/3-LoRA-Placement/models/train__qwen3_5_0_8b_base__gdn_only__ultrachat__seed3407/final_adapter,4432896.0,0.5857220112123009,0.296875,-0.0546875,0.140625,0.1015625,-0.022584021022744937
train_eval,train__qwen3_5_0_8b_base__gdn_only__ultrachat__seed3407,qwen3_5_0_8b_base,gdn_only,ultrachat,3407,16.0,32.0,arc_challenge,0.7324414715719063,299,/content/drive/MyDrive/papers-tecnicos/3-LoRA-Placement/results/eval_details/train__qwen3_5_0_8b_base__gdn_only__ultrachat__seed3407__inline_eval__arc_challenge.jsonl,accuracy,1.424419398771392,2.4215129779113664,/content/drive/MyDrive/papers-tecnicos/3-LoRA-Placement/models/train__qwen3_5_0_8b_base__gdn_only__ultrachat__seed3407/final_adapter,4432896.0,0.5857220112123009,0.7324414715719063,0.0,0.7324414715719063,0.0,0.0
train_eval,train__qwen3_5_0_8b_base__gdn_only__ultrachat__seed3407,qwen3_5_0_8b_base,gdn_only,ultrachat,3407,16.0,32.0,hellaswag,0.3828125,512,/content/drive/MyDrive/papers-tecnicos/3-LoRA-Placement/results/eval_details/train__qwen3_5_0_8b_base__gdn_only__ultrachat__seed3407__inline_eval__hellaswag.jsonl,accuracy,1.424419398771392,2.4215129779113664,/content/drive/MyDrive/papers-tecnicos/3-LoRA-Placement/models/train__qwen3_5_0_8b_base__gdn_only__ultrachat__seed3407/final_adapter,4432896.0,0.5857220112123009,0.416015625,-0.033203125,0.373046875,0.009765625,-0.013711727049523713
train_eval,train__qwen3_5_0_8b_base__gdn_plus_mlp__codealpaca__seed3407,qwen3_5_0_8b_base,gdn_plus_mlp,codealpaca,3407,16.0,32.0,mmlu,0.478515625,512,/content/drive/MyDrive/papers-tecnicos/3-LoRA-Placement/results/eval_details/train__qwen3_5_0_8b_base__gdn_plus_mlp__codealpaca__seed3407__inline_eval__mmlu.jsonl,accuracy,0.736834754149119,1.2526190820535024,/content/drive/MyDrive/papers-tecnicos/3-LoRA-Placement/models/train__qwen3_5_0_8b_base__gdn_plus_mlp__codealpaca__seed3407/final_adapter,9741312.0,1.2781620693179214,0.482421875,-0.00390625,0.486328125,-0.0078125,-0.0031184659853626235
train_eval,train__qwen3_5_0_8b_base__gdn_plus_mlp__codealpaca__seed3407,qwen3_5_0_8b_base,gdn_plus_mlp,codealpaca,3407,16.0,32.0,gsm8k,0.2265625,256,/content/drive/MyDrive/papers-tecnicos/3-LoRA-Placement/results/eval_details/train__qwen3_5_0_8b_base__gdn_plus_mlp__codealpaca__seed3407__inline_eval__gsm8k.jsonl,accuracy,0.736834754149119,1.2526190820535024,/content/drive/MyDrive/papers-tecnicos/3-LoRA-Placement/models/train__qwen3_5_0_8b_base__gdn_plus_mlp__codealpaca__seed3407/final_adapter,9741312.0,1.2781620693179214,0.296875,-0.0703125,0.078125,0.1484375,-0.05613238773652722
train_eval,train__qwen3_5_0_8b_base__gdn_plus_mlp__codealpaca__seed3407,qwen3_5_0_8b_base,gdn_plus_mlp,codealpaca,3407,16.0,32.0,arc_challenge,0.7224080267558528,299,/content/drive/MyDrive/papers-tecnicos/3-LoRA-Placement/results/eval_details/train__qwen3_5_0_8b_base__gdn_plus_mlp__codealpaca__seed3407__inline_eval__arc_challenge.jsonl,accuracy,0.736834754149119,1.2526190820535024,/content/drive/MyDrive/papers-tecnicos/3-LoRA-Placement/models/train__qwen3_5_0_8b_base__gdn_plus_mlp__codealpaca__seed3407/final_adapter,9741312.0,1.2781620693179214,0.7324414715719063,-0.010033444816053505,0.7224080267558528,0.0,-0.008009972831968205
train_eval,train__qwen3_5_0_8b_base__gdn_plus_mlp__codealpaca__seed3407,qwen3_5_0_8b_base,gdn_plus_mlp,codealpaca,3407,16.0,32.0,hellaswag,0.42578125,512,/content/drive/MyDrive/papers-tecnicos/3-LoRA-Placement/results/eval_details/train__qwen3_5_0_8b_base__gdn_plus_mlp__codealpaca__seed3407__inline_eval__hellaswag.jsonl,accuracy,0.736834754149119,1.2526190820535024,/content/drive/MyDrive/papers-tecnicos/3-LoRA-Placement/models/train__qwen3_5_0_8b_base__gdn_plus_mlp__codealpaca__seed3407/final_adapter,9741312.0,1.2781620693179214,0.416015625,0.009765625,0.43359375,-0.0078125,0.007796164963406558
train_eval,train__qwen3_5_0_8b_base__gdn_plus_mlp__codealpaca__seed3407,qwen3_5_0_8b_base,gdn_plus_mlp,codealpaca,3407,16.0,32.0,humaneval,0.0,164,/content/drive/MyDrive/papers-tecnicos/3-LoRA-Placement/results/eval_details/train__qwen3_5_0_8b_base__gdn_plus_mlp__codealpaca__seed3407__inline_eval__humaneval.jsonl,pass@1,0.736834754149119,1.2526190820535024,/content/drive/MyDrive/papers-tecnicos/3-LoRA-Placement/models/train__qwen3_5_0_8b_base__gdn_plus_mlp__codealpaca__seed3407/final_adapter,9741312.0,1.2781620693179214,,,,,
train_eval,train__qwen3_5_0_8b_base__gdn_plus_mlp__gsm8k_train__seed3407,qwen3_5_0_8b_base,gdn_plus_mlp,gsm8k_train,3407,16.0,32.0,mmlu,0.501953125,512,/content/drive/MyDrive/papers-tecnicos/3-LoRA-Placement/results/eval_details/train__qwen3_5_0_8b_base__gdn_plus_mlp__gsm8k_train__seed3407__inline_eval__mmlu.jsonl,accuracy,0.8162625640630722,1.3876463589072228,/content/drive/MyDrive/papers-tecnicos/3-LoRA-Placement/models/train__qwen3_5_0_8b_base__gdn_plus_mlp__gsm8k_train__seed3407/final_adapter,9741312.0,1.2781620693179214,0.482421875,0.01953125,0.47265625,0.029296875,0.01407509188103296
train_eval,train__qwen3_5_0_8b_base__gdn_plus_mlp__gsm8k_train__seed3407,qwen3_5_0_8b_base,gdn_plus_mlp,gsm8k_train,3407,16.0,32.0,gsm8k,0.203125,128,/content/drive/MyDrive/papers-tecnicos/3-LoRA-Placement/results/eval_details/train__qwen3_5_0_8b_base__gdn_plus_mlp__gsm8k_train__seed3407__inline_eval__gsm8k.jsonl,accuracy,0.8162625640630722,1.3876463589072228,/content/drive/MyDrive/papers-tecnicos/3-LoRA-Placement/models/train__qwen3_5_0_8b_base__gdn_plus_mlp__gsm8k_train__seed3407/final_adapter,9741312.0,1.2781620693179214,0.296875,-0.09375,0.375,-0.171875,-0.06756044102895821
train_eval,train__qwen3_5_0_8b_base__gdn_plus_mlp__gsm8k_train__seed3407,qwen3_5_0_8b_base,gdn_plus_mlp,gsm8k_train,3407,16.0,32.0,arc_challenge,0.7123745819397993,299,/content/drive/MyDrive/papers-tecnicos/3-LoRA-Placement/results/eval_details/train__qwen3_5_0_8b_base__gdn_plus_mlp__gsm8k_train__seed3407__inline_eval__arc_challenge.jsonl,accuracy,0.8162625640630722,1.3876463589072228,/content/drive/MyDrive/papers-tecnicos/3-LoRA-Placement/models/train__qwen3_5_0_8b_base__gdn_plus_mlp__gsm8k_train__seed3407/final_adapter,9741312.0,1.2781620693179214,0.7324414715719063,-0.02006688963210701,0.745819397993311,-0.03344481605351168,-0.014461097745328838
train_eval,train__qwen3_5_0_8b_base__gdn_plus_mlp__gsm8k_train__seed3407,qwen3_5_0_8b_base,gdn_plus_mlp,gsm8k_train,3407,16.0,32.0,hellaswag,0.43359375,512,/content/drive/MyDrive/papers-tecnicos/3-LoRA-Placement/results/eval_details/train__qwen3_5_0_8b_base__gdn_plus_mlp__gsm8k_train__seed3407__inline_eval__hellaswag.jsonl,accuracy,0.8162625640630722,1.3876463589072228,/content/drive/MyDrive/papers-tecnicos/3-LoRA-Placement/models/train__qwen3_5_0_8b_base__gdn_plus_mlp__gsm8k_train__seed3407/final_adapter,9741312.0,1.2781620693179214,0.416015625,0.017578125,0.43359375,0.0,0.012667582692929663
train_eval,train__qwen3_5_0_8b_base__gdn_plus_mlp__ultrachat__seed3407,qwen3_5_0_8b_base,gdn_plus_mlp,ultrachat,3407,16.0,32.0,mmlu,0.486328125,512,/content/drive/MyDrive/papers-tecnicos/3-LoRA-Placement/results/eval_details/train__qwen3_5_0_8b_base__gdn_plus_mlp__ultrachat__seed3407__inline_eval__mmlu.jsonl,accuracy,1.4986990090211232,2.5477883153359095,/content/drive/MyDrive/papers-tecnicos/3-LoRA-Placement/models/train__qwen3_5_0_8b_base__gdn_plus_mlp__ultrachat__seed3407/final_adapter,9741312.0,1.2781620693179214,0.482421875,0.00390625,0.486328125,0.0,0.0015331925248605225
train_eval,train__qwen3_5_0_8b_base__gdn_plus_mlp__ultrachat__seed3407,qwen3_5_0_8b_base,gdn_plus_mlp,ultrachat,3407,16.0,32.0,gsm8k,0.1640625,256,/content/drive/MyDrive/papers-tecnicos/3-LoRA-Placement/results/eval_details/train__qwen3_5_0_8b_base__gdn_plus_mlp__ultrachat__seed3407__inline_eval__gsm8k.jsonl,accuracy,1.4986990090211232,2.5477883153359095,/content/drive/MyDrive/papers-tecnicos/3-LoRA-Placement/models/train__qwen3_5_0_8b_base__gdn_plus_mlp__ultrachat__seed3407/final_adapter,9741312.0,1.2781620693179214,0.296875,-0.1328125,0.140625,0.0234375,-0.052128545845257765
train_eval,train__qwen3_5_0_8b_base__gdn_plus_mlp__ultrachat__seed3407,qwen3_5_0_8b_base,gdn_plus_mlp,ultrachat,3407,16.0,32.0,arc_challenge,0.7424749163879598,299,/content/drive/MyDrive/papers-tecnicos/3-LoRA-Placement/results/eval_details/train__qwen3_5_0_8b_base__gdn_plus_mlp__ultrachat__seed3407__inline_eval__arc_challenge.jsonl,accuracy,1.4986990090211232,2.5477883153359095,/content/drive/MyDrive/papers-tecnicos/3-LoRA-Placement/models/train__qwen3_5_0_8b_base__gdn_plus_mlp__ultrachat__seed3407/final_adapter,9741312.0,1.2781620693179214,0.7324414715719063,0.010033444816053505,0.7324414715719063,0.010033444816053505,0.003938099863186891
train_eval,train__qwen3_5_0_8b_base__gdn_plus_mlp__ultrachat__seed3407,qwen3_5_0_8b_base,gdn_plus_mlp,ultrachat,3407,16.0,32.0,hellaswag,0.41796875,512,/content/drive/MyDrive/papers-tecnicos/3-LoRA-Placement/results/eval_details/train__qwen3_5_0_8b_base__gdn_plus_mlp__ultrachat__seed3407__inline_eval__hellaswag.jsonl,accuracy,1.4986990090211232,2.5477883153359095,/content/drive/MyDrive/papers-tecnicos/3-LoRA-Placement/models/train__qwen3_5_0_8b_base__gdn_plus_mlp__ultrachat__seed3407/final_adapter,9741312.0,1.2781620693179214,0.416015625,0.001953125,0.373046875,0.044921875,0.0007665962624302613
train_eval,train__qwen3_5_0_8b_base__mlp_only__codealpaca__seed3407,qwen3_5_0_8b_base,mlp_only,codealpaca,3407,16.0,32.0,mmlu,0.49609375,512,/content/drive/MyDrive/papers-tecnicos/3-LoRA-Placement/results/eval_details/train__qwen3_5_0_8b_base__mlp_only__codealpaca__seed3407__inline_eval__mmlu.jsonl,accuracy,0.6751879870891571,1.147819578051567,/content/drive/MyDrive/papers-tecnicos/3-LoRA-Placement/models/train__qwen3_5_0_8b_base__mlp_only__codealpaca__seed3407/final_adapter,5308416.0,0.7005946827816508,0.482421875,0.013671875,0.486328125,0.009765625,0.011911170763621333
train_eval,train__qwen3_5_0_8b_base__mlp_only__codealpaca__seed3407,qwen3_5_0_8b_base,mlp_only,codealpaca,3407,16.0,32.0,gsm8k,0.203125,256,/content/drive/MyDrive/papers-tecnicos/3-LoRA-Placement/results/eval_details/train__qwen3_5_0_8b_base__mlp_only__codealpaca__seed3407__inline_eval__gsm8k.jsonl,accuracy,0.6751879870891571,1.147819578051567,/content/drive/MyDrive/papers-tecnicos/3-LoRA-Placement/models/train__qwen3_5_0_8b_base__mlp_only__codealpaca__seed3407/final_adapter,5308416.0,0.7005946827816508,0.296875,-0.09375,0.078125,0.125,-0.08167659952197485
train_eval,train__qwen3_5_0_8b_base__mlp_only__codealpaca__seed3407,qwen3_5_0_8b_base,mlp_only,codealpaca,3407,16.0,32.0,arc_challenge,0.745819397993311,299,/content/drive/MyDrive/papers-tecnicos/3-LoRA-Placement/results/eval_details/train__qwen3_5_0_8b_base__mlp_only__codealpaca__seed3407__inline_eval__arc_challenge.jsonl,accuracy,0.6751879870891571,1.147819578051567,/content/drive/MyDrive/papers-tecnicos/3-LoRA-Placement/models/train__qwen3_5_0_8b_base__mlp_only__codealpaca__seed3407/final_adapter,5308416.0,0.7005946827816508,0.7324414715719063,0.013377926421404673,0.7224080267558528,0.02341137123745818,0.011655077746725502
train_eval,train__qwen3_5_0_8b_base__mlp_only__codealpaca__seed3407,qwen3_5_0_8b_base,mlp_only,codealpaca,3407,16.0,32.0,hellaswag,0.42578125,512,/content/drive/MyDrive/papers-tecnicos/3-LoRA-Placement/results/eval_details/train__qwen3_5_0_8b_base__mlp_only__codealpaca__seed3407__inline_eval__hellaswag.jsonl,accuracy,0.6751879870891571,1.147819578051567,/content/drive/MyDrive/papers-tecnicos/3-LoRA-Placement/models/train__qwen3_5_0_8b_base__mlp_only__codealpaca__seed3407/final_adapter,5308416.0,0.7005946827816508,0.416015625,0.009765625,0.43359375,-0.0078125,0.00850797911687238
train_eval,train__qwen3_5_0_8b_base__mlp_only__codealpaca__seed3407,qwen3_5_0_8b_base,mlp_only,codealpaca,3407,16.0,32.0,humaneval,0.0,164,/content/drive/MyDrive/papers-tecnicos/3-LoRA-Placement/results/eval_details/train__qwen3_5_0_8b_base__mlp_only__codealpaca__seed3407__inline_eval__humaneval.jsonl,pass@1,0.6751879870891571,1.147819578051567,/content/drive/MyDrive/papers-tecnicos/3-LoRA-Placement/models/train__qwen3_5_0_8b_base__mlp_only__codealpaca__seed3407/final_adapter,5308416.0,0.7005946827816508,,,,,
train_eval,train__qwen3_5_0_8b_base__mlp_only__gsm8k_train__seed3407,qwen3_5_0_8b_base,mlp_only,gsm8k_train,3407,16.0,32.0,mmlu,0.4765625,512,/content/drive/MyDrive/papers-tecnicos/3-LoRA-Placement/results/eval_details/train__qwen3_5_0_8b_base__mlp_only__gsm8k_train__seed3407__inline_eval__mmlu.jsonl,accuracy,0.7625015258126788,1.296252593881554,/content/drive/MyDrive/papers-tecnicos/3-LoRA-Placement/models/train__qwen3_5_0_8b_base__mlp_only__gsm8k_train__seed3407/final_adapter,5308416.0,0.7005946827816508,0.482421875,-0.005859375,0.47265625,0.00390625,-0.004520241677939049
train_eval,train__qwen3_5_0_8b_base__mlp_only__gsm8k_train__seed3407,qwen3_5_0_8b_base,mlp_only,gsm8k_train,3407,16.0,32.0,gsm8k,0.3828125,128,/content/drive/MyDrive/papers-tecnicos/3-LoRA-Placement/results/eval_details/train__qwen3_5_0_8b_base__mlp_only__gsm8k_train__seed3407__inline_eval__gsm8k.jsonl,accuracy,0.7625015258126788,1.296252593881554,/content/drive/MyDrive/papers-tecnicos/3-LoRA-Placement/models/train__qwen3_5_0_8b_base__mlp_only__gsm8k_train__seed3407/final_adapter,5308416.0,0.7005946827816508,0.296875,0.0859375,0.375,0.0078125,0.06629687794310606
train_eval,train__qwen3_5_0_8b_base__mlp_only__gsm8k_train__seed3407,qwen3_5_0_8b_base,mlp_only,gsm8k_train,3407,16.0,32.0,arc_challenge,0.7090301003344481,299,/content/drive/MyDrive/papers-tecnicos/3-LoRA-Placement/results/eval_details/train__qwen3_5_0_8b_base__mlp_only__gsm8k_train__seed3407__inline_eval__arc_challenge.jsonl,accuracy,0.7625015258126788,1.296252593881554,/content/drive/MyDrive/papers-tecnicos/3-LoRA-Placement/models/train__qwen3_5_0_8b_base__mlp_only__gsm8k_train__seed3407/final_adapter,5308416.0,0.7005946827816508,0.7324414715719063,-0.02341137123745818,0.745819397993311,-0.03678929765886285,-0.01806080955823137
train_eval,train__qwen3_5_0_8b_base__mlp_only__gsm8k_train__seed3407,qwen3_5_0_8b_base,mlp_only,gsm8k_train,3407,16.0,32.0,hellaswag,0.458984375,512,/content/drive/MyDrive/papers-tecnicos/3-LoRA-Placement/results/eval_details/train__qwen3_5_0_8b_base__mlp_only__gsm8k_train__seed3407__inline_eval__hellaswag.jsonl,accuracy,0.7625015258126788,1.296252593881554,/content/drive/MyDrive/papers-tecnicos/3-LoRA-Placement/models/train__qwen3_5_0_8b_base__mlp_only__gsm8k_train__seed3407/final_adapter,5308416.0,0.7005946827816508,0.416015625,0.04296875,0.43359375,0.025390625,0.03314843897155303
train_eval,train__qwen3_5_0_8b_base__mlp_only__ultrachat__seed3407,qwen3_5_0_8b_base,mlp_only,ultrachat,3407,16.0,32.0,mmlu,0.4921875,512,/content/drive/MyDrive/papers-tecnicos/3-LoRA-Placement/results/eval_details/train__qwen3_5_0_8b_base__mlp_only__ultrachat__seed3407__inline_eval__mmlu.jsonl,accuracy,1.424948834379514,2.422413018445174,/content/drive/MyDrive/papers-tecnicos/3-LoRA-Placement/models/train__qwen3_5_0_8b_base__mlp_only__ultrachat__seed3407/final_adapter,5308416.0,0.7005946827816508,0.482421875,0.009765625,0.486328125,0.005859375,0.0040313624991447855
train_eval,train__qwen3_5_0_8b_base__mlp_only__ultrachat__seed3407,qwen3_5_0_8b_base,mlp_only,ultrachat,3407,16.0,32.0,gsm8k,0.14453125,256,/content/drive/MyDrive/papers-tecnicos/3-LoRA-Placement/results/eval_details/train__qwen3_5_0_8b_base__mlp_only__ultrachat__seed3407__inline_eval__gsm8k.jsonl,accuracy,1.424948834379514,2.422413018445174,/content/drive/MyDrive/papers-tecnicos/3-LoRA-Placement/models/train__qwen3_5_0_8b_base__mlp_only__ultrachat__seed3407/final_adapter,5308416.0,0.7005946827816508,0.296875,-0.15234375,0.140625,0.00390625,-0.06288925498665865
train_eval,train__qwen3_5_0_8b_base__mlp_only__ultrachat__seed3407,qwen3_5_0_8b_base,mlp_only,ultrachat,3407,16.0,32.0,arc_challenge,0.745819397993311,299,/content/drive/MyDrive/papers-tecnicos/3-LoRA-Placement/results/eval_details/train__qwen3_5_0_8b_base__mlp_only__ultrachat__seed3407__inline_eval__arc_challenge.jsonl,accuracy,1.424948834379514,2.422413018445174,/content/drive/MyDrive/papers-tecnicos/3-LoRA-Placement/models/train__qwen3_5_0_8b_base__mlp_only__ultrachat__seed3407/final_adapter,5308416.0,0.7005946827816508,0.7324414715719063,0.013377926421404673,0.7324414715719063,0.013377926421404673,0.005522562139296665
train_eval,train__qwen3_5_0_8b_base__mlp_only__ultrachat__seed3407,qwen3_5_0_8b_base,mlp_only,ultrachat,3407,16.0,32.0,hellaswag,0.416015625,512,/content/drive/MyDrive/papers-tecnicos/3-LoRA-Placement/results/eval_details/train__qwen3_5_0_8b_base__mlp_only__ultrachat__seed3407__inline_eval__hellaswag.jsonl,accuracy,1.424948834379514,2.422413018445174,/content/drive/MyDrive/papers-tecnicos/3-LoRA-Placement/models/train__qwen3_5_0_8b_base__mlp_only__ultrachat__seed3407/final_adapter,5308416.0,0.7005946827816508,0.416015625,0.0,0.373046875,0.04296875,0.0
train_eval,train__qwen3_5_0_8b_base__softmax_only__codealpaca__seed3407,qwen3_5_0_8b_base,softmax_only,codealpaca,3407,16.0,32.0,mmlu,0.505859375,512,/content/drive/MyDrive/papers-tecnicos/3-LoRA-Placement/results/eval_details/train__qwen3_5_0_8b_base__softmax_only__codealpaca__seed3407__inline_eval__mmlu.jsonl,accuracy,0.008253849744796753,0.01403154456615448,/content/drive/MyDrive/papers-tecnicos/3-LoRA-Placement/models/train__qwen3_5_0_8b_base__softmax_only__codealpaca__seed3407/final_adapter,1081344.0,0.14351437101573705,0.482421875,0.0234375,0.486328125,0.01953125,1.6703435526644477
train_eval,train__qwen3_5_0_8b_base__softmax_only__codealpaca__seed3407,qwen3_5_0_8b_base,softmax_only,codealpaca,3407,16.0,32.0,gsm8k,0.18359375,256,/content/drive/MyDrive/papers-tecnicos/3-LoRA-Placement/results/eval_details/train__qwen3_5_0_8b_base__softmax_only__codealpaca__seed3407__inline_eval__gsm8k.jsonl,accuracy,0.008253849744796753,0.01403154456615448,/content/drive/MyDrive/papers-tecnicos/3-LoRA-Placement/models/train__qwen3_5_0_8b_base__softmax_only__codealpaca__seed3407/final_adapter,1081344.0,0.14351437101573705,0.296875,-0.11328125,0.078125,0.10546875,-8.073327171211497
train_eval,train__qwen3_5_0_8b_base__softmax_only__codealpaca__seed3407,qwen3_5_0_8b_base,softmax_only,codealpaca,3407,16.0,32.0,arc_challenge,0.7190635451505016,299,/content/drive/MyDrive/papers-tecnicos/3-LoRA-Placement/results/eval_details/train__qwen3_5_0_8b_base__softmax_only__codealpaca__seed3407__inline_eval__arc_challenge.jsonl,accuracy,0.008253849744796753,0.01403154456615448,/content/drive/MyDrive/papers-tecnicos/3-LoRA-Placement/models/train__qwen3_5_0_8b_base__softmax_only__codealpaca__seed3407/final_adapter,1081344.0,0.14351437101573705,0.7324414715719063,-0.013377926421404673,0.7224080267558528,-0.0033444816053511683,-0.953417947563207
train_eval,train__qwen3_5_0_8b_base__softmax_only__codealpaca__seed3407,qwen3_5_0_8b_base,softmax_only,codealpaca,3407,16.0,32.0,hellaswag,0.427734375,512,/content/drive/MyDrive/papers-tecnicos/3-LoRA-Placement/results/eval_details/train__qwen3_5_0_8b_base__softmax_only__codealpaca__seed3407__inline_eval__hellaswag.jsonl,accuracy,0.008253849744796753,0.01403154456615448,/content/drive/MyDrive/papers-tecnicos/3-LoRA-Placement/models/train__qwen3_5_0_8b_base__softmax_only__codealpaca__seed3407/final_adapter,1081344.0,0.14351437101573705,0.416015625,0.01171875,0.43359375,-0.005859375,0.8351717763322238
train_eval,train__qwen3_5_0_8b_base__softmax_only__codealpaca__seed3407,qwen3_5_0_8b_base,softmax_only,codealpaca,3407,16.0,32.0,humaneval,0.006097560975609756,164,/content/drive/MyDrive/papers-tecnicos/3-LoRA-Placement/results/eval_details/train__qwen3_5_0_8b_base__softmax_only__codealpaca__seed3407__inline_eval__humaneval.jsonl,pass@1,0.008253849744796753,0.01403154456615448,/content/drive/MyDrive/papers-tecnicos/3-LoRA-Placement/models/train__qwen3_5_0_8b_base__softmax_only__codealpaca__seed3407/final_adapter,1081344.0,0.14351437101573705,,,,,
train_eval,train__qwen3_5_0_8b_base__softmax_only__gsm8k_train__seed3407,qwen3_5_0_8b_base,softmax_only,gsm8k_train,3407,16.0,32.0,mmlu,0.490234375,512,/content/drive/MyDrive/papers-tecnicos/3-LoRA-Placement/results/eval_details/train__qwen3_5_0_8b_base__softmax_only__gsm8k_train__seed3407__inline_eval__mmlu.jsonl,accuracy,0.7080172846714655,1.2036293839414913,/content/drive/MyDrive/papers-tecnicos/3-LoRA-Placement/models/train__qwen3_5_0_8b_base__softmax_only__gsm8k_train__seed3407/final_adapter,1081344.0,0.14351437101573705,0.482421875,0.0078125,0.47265625,0.017578125,0.0064907853731658045
train_eval,train__qwen3_5_0_8b_base__softmax_only__gsm8k_train__seed3407,qwen3_5_0_8b_base,softmax_only,gsm8k_train,3407,16.0,32.0,gsm8k,0.3984375,128,/content/drive/MyDrive/papers-tecnicos/3-LoRA-Placement/results/eval_details/train__qwen3_5_0_8b_base__softmax_only__gsm8k_train__seed3407__inline_eval__gsm8k.jsonl,accuracy,0.7080172846714655,1.2036293839414913,/content/drive/MyDrive/papers-tecnicos/3-LoRA-Placement/models/train__qwen3_5_0_8b_base__softmax_only__gsm8k_train__seed3407/final_adapter,1081344.0,0.14351437101573705,0.296875,0.1015625,0.375,0.0234375,0.08438020985115546
train_eval,train__qwen3_5_0_8b_base__softmax_only__gsm8k_train__seed3407,qwen3_5_0_8b_base,softmax_only,gsm8k_train,3407,16.0,32.0,arc_challenge,0.725752508361204,299,/content/drive/MyDrive/papers-tecnicos/3-LoRA-Placement/results/eval_details/train__qwen3_5_0_8b_base__softmax_only__gsm8k_train__seed3407__inline_eval__arc_challenge.jsonl,accuracy,0.7080172846714655,1.2036293839414913,/content/drive/MyDrive/papers-tecnicos/3-LoRA-Placement/models/train__qwen3_5_0_8b_base__softmax_only__gsm8k_train__seed3407/final_adapter,1081344.0,0.14351437101573705,0.7324414715719063,-0.006688963210702337,0.745819397993311,-0.02006688963210701,-0.005557327944917876
train_eval,train__qwen3_5_0_8b_base__softmax_only__gsm8k_train__seed3407,qwen3_5_0_8b_base,softmax_only,gsm8k_train,3407,16.0,32.0,hellaswag,0.3984375,512,/content/drive/MyDrive/papers-tecnicos/3-LoRA-Placement/results/eval_details/train__qwen3_5_0_8b_base__softmax_only__gsm8k_train__seed3407__inline_eval__hellaswag.jsonl,accuracy,0.7080172846714655,1.2036293839414913,/content/drive/MyDrive/papers-tecnicos/3-LoRA-Placement/models/train__qwen3_5_0_8b_base__softmax_only__gsm8k_train__seed3407/final_adapter,1081344.0,0.14351437101573705,0.416015625,-0.017578125,0.43359375,-0.03515625,-0.01460426708962306
train_eval,train__qwen3_5_0_8b_base__softmax_only__ultrachat__seed3407,qwen3_5_0_8b_base,softmax_only,ultrachat,3407,16.0,32.0,mmlu,0.48828125,512,/content/drive/MyDrive/papers-tecnicos/3-LoRA-Placement/results/eval_details/train__qwen3_5_0_8b_base__softmax_only__ultrachat__seed3407__inline_eval__mmlu.jsonl,accuracy,1.3604087496466106,2.312694874399238,/content/drive/MyDrive/papers-tecnicos/3-LoRA-Placement/models/train__qwen3_5_0_8b_base__softmax_only__ultrachat__seed3407/final_adapter,1081344.0,0.14351437101573705,0.482421875,0.005859375,0.486328125,0.001953125,0.002533570279789751
train_eval,train__qwen3_5_0_8b_base__softmax_only__ultrachat__seed3407,qwen3_5_0_8b_base,softmax_only,ultrachat,3407,16.0,32.0,gsm8k,0.2578125,256,/content/drive/MyDrive/papers-tecnicos/3-LoRA-Placement/results/eval_details/train__qwen3_5_0_8b_base__softmax_only__ultrachat__seed3407__inline_eval__gsm8k.jsonl,accuracy,1.3604087496466106,2.312694874399238,/content/drive/MyDrive/papers-tecnicos/3-LoRA-Placement/models/train__qwen3_5_0_8b_base__softmax_only__ultrachat__seed3407/final_adapter,1081344.0,0.14351437101573705,0.296875,-0.0390625,0.140625,0.1171875,-0.01689046853193167
train_eval,train__qwen3_5_0_8b_base__softmax_only__ultrachat__seed3407,qwen3_5_0_8b_base,softmax_only,ultrachat,3407,16.0,32.0,arc_challenge,0.745819397993311,299,/content/drive/MyDrive/papers-tecnicos/3-LoRA-Placement/results/eval_details/train__qwen3_5_0_8b_base__softmax_only__ultrachat__seed3407__inline_eval__arc_challenge.jsonl,accuracy,1.3604087496466106,2.312694874399238,/content/drive/MyDrive/papers-tecnicos/3-LoRA-Placement/models/train__qwen3_5_0_8b_base__softmax_only__ultrachat__seed3407/final_adapter,1081344.0,0.14351437101573705,0.7324414715719063,0.013377926421404673,0.7324414715719063,0.013377926421404673,0.005784561798226763
train_eval,train__qwen3_5_0_8b_base__softmax_only__ultrachat__seed3407,qwen3_5_0_8b_base,softmax_only,ultrachat,3407,16.0,32.0,hellaswag,0.421875,512,/content/drive/MyDrive/papers-tecnicos/3-LoRA-Placement/results/eval_details/train__qwen3_5_0_8b_base__softmax_only__ultrachat__seed3407__inline_eval__hellaswag.jsonl,accuracy,1.3604087496466106,2.312694874399238,/content/drive/MyDrive/papers-tecnicos/3-LoRA-Placement/models/train__qwen3_5_0_8b_base__softmax_only__ultrachat__seed3407/final_adapter,1081344.0,0.14351437101573705,0.416015625,0.005859375,0.373046875,0.048828125,0.002533570279789751
train_eval,train__qwen3_5_0_8b_base__softmax_plus_mlp__codealpaca__seed3407,qwen3_5_0_8b_base,softmax_plus_mlp,codealpaca,3407,16.0,32.0,mmlu,0.494140625,512,/content/drive/MyDrive/papers-tecnicos/3-LoRA-Placement/results/eval_details/train__qwen3_5_0_8b_base__softmax_plus_mlp__codealpaca__seed3407__inline_eval__mmlu.jsonl,accuracy,0.6912199352184931,1.1750738898714383,/content/drive/MyDrive/papers-tecnicos/3-LoRA-Placement/models/train__qwen3_5_0_8b_base__softmax_plus_mlp__codealpaca__seed3407/final_adapter,6389760.0,0.8421066126877228,0.482421875,0.01171875,0.486328125,0.0078125,0.00997277711726036
train_eval,train__qwen3_5_0_8b_base__softmax_plus_mlp__codealpaca__seed3407,qwen3_5_0_8b_base,softmax_plus_mlp,codealpaca,3407,16.0,32.0,gsm8k,0.09765625,256,/content/drive/MyDrive/papers-tecnicos/3-LoRA-Placement/results/eval_details/train__qwen3_5_0_8b_base__softmax_plus_mlp__codealpaca__seed3407__inline_eval__gsm8k.jsonl,accuracy,0.6912199352184931,1.1750738898714383,/content/drive/MyDrive/papers-tecnicos/3-LoRA-Placement/models/train__qwen3_5_0_8b_base__softmax_plus_mlp__codealpaca__seed3407/final_adapter,6389760.0,0.8421066126877228,0.296875,-0.19921875,0.078125,0.01953125,-0.1695372109934261
train_eval,train__qwen3_5_0_8b_base__softmax_plus_mlp__codealpaca__seed3407,qwen3_5_0_8b_base,softmax_plus_mlp,codealpaca,3407,16.0,32.0,arc_challenge,0.7290969899665551,299,/content/drive/MyDrive/papers-tecnicos/3-LoRA-Placement/results/eval_details/train__qwen3_5_0_8b_base__softmax_plus_mlp__codealpaca__seed3407__inline_eval__arc_challenge.jsonl,accuracy,0.6912199352184931,1.1750738898714383,/content/drive/MyDrive/papers-tecnicos/3-LoRA-Placement/models/train__qwen3_5_0_8b_base__softmax_plus_mlp__codealpaca__seed3407/final_adapter,6389760.0,0.8421066126877228,0.7324414715719063,-0.0033444816053511683,0.7224080267558528,0.006688963210702337,-0.0028461883411579156
train_eval,train__qwen3_5_0_8b_base__softmax_plus_mlp__codealpaca__seed3407,qwen3_5_0_8b_base,softmax_plus_mlp,codealpaca,3407,16.0,32.0,hellaswag,0.412109375,512,/content/drive/MyDrive/papers-tecnicos/3-LoRA-Placement/results/eval_details/train__qwen3_5_0_8b_base__softmax_plus_mlp__codealpaca__seed3407__inline_eval__hellaswag.jsonl,accuracy,0.6912199352184931,1.1750738898714383,/content/drive/MyDrive/papers-tecnicos/3-LoRA-Placement/models/train__qwen3_5_0_8b_base__softmax_plus_mlp__codealpaca__seed3407/final_adapter,6389760.0,0.8421066126877228,0.416015625,-0.00390625,0.43359375,-0.021484375,-0.0033242590390867863
train_eval,train__qwen3_5_0_8b_base__softmax_plus_mlp__codealpaca__seed3407,qwen3_5_0_8b_base,softmax_plus_mlp,codealpaca,3407,16.0,32.0,humaneval,0.006097560975609756,164,/content/drive/MyDrive/papers-tecnicos/3-LoRA-Placement/results/eval_details/train__qwen3_5_0_8b_base__softmax_plus_mlp__codealpaca__seed3407__inline_eval__humaneval.jsonl,pass@1,0.6912199352184931,1.1750738898714383,/content/drive/MyDrive/papers-tecnicos/3-LoRA-Placement/models/train__qwen3_5_0_8b_base__softmax_plus_mlp__codealpaca__seed3407/final_adapter,6389760.0,0.8421066126877228,,,,,
train_eval,train__qwen3_5_0_8b_base__softmax_plus_mlp__gsm8k_train__seed3407,qwen3_5_0_8b_base,softmax_plus_mlp,gsm8k_train,3407,16.0,32.0,mmlu,0.48046875,512,/content/drive/MyDrive/papers-tecnicos/3-LoRA-Placement/results/eval_details/train__qwen3_5_0_8b_base__softmax_plus_mlp__gsm8k_train__seed3407__inline_eval__mmlu.jsonl,accuracy,0.7758972497118843,1.3190253245102033,/content/drive/MyDrive/papers-tecnicos/3-LoRA-Placement/models/train__qwen3_5_0_8b_base__softmax_plus_mlp__gsm8k_train__seed3407/final_adapter,6389760.0,0.8421066126877228,0.482421875,-0.001953125,0.47265625,0.0078125,-0.001480733511106209
train_eval,train__qwen3_5_0_8b_base__softmax_plus_mlp__gsm8k_train__seed3407,qwen3_5_0_8b_base,softmax_plus_mlp,gsm8k_train,3407,16.0,32.0,gsm8k,0.1484375,128,/content/drive/MyDrive/papers-tecnicos/3-LoRA-Placement/results/eval_details/train__qwen3_5_0_8b_base__softmax_plus_mlp__gsm8k_train__seed3407__inline_eval__gsm8k.jsonl,accuracy,0.7758972497118843,1.3190253245102033,/content/drive/MyDrive/papers-tecnicos/3-LoRA-Placement/models/train__qwen3_5_0_8b_base__softmax_plus_mlp__gsm8k_train__seed3407/final_adapter,6389760.0,0.8421066126877228,0.296875,-0.1484375,0.375,-0.2265625,-0.11253574684407189
train_eval,train__qwen3_5_0_8b_base__softmax_plus_mlp__gsm8k_train__seed3407,qwen3_5_0_8b_base,softmax_plus_mlp,gsm8k_train,3407,16.0,32.0,arc_challenge,0.705685618729097,299,/content/drive/MyDrive/papers-tecnicos/3-LoRA-Placement/results/eval_details/train__qwen3_5_0_8b_base__softmax_plus_mlp__gsm8k_train__seed3407__inline_eval__arc_challenge.jsonl,accuracy,0.7758972497118843,1.3190253245102033,/content/drive/MyDrive/papers-tecnicos/3-LoRA-Placement/models/train__qwen3_5_0_8b_base__softmax_plus_mlp__gsm8k_train__seed3407/final_adapter,6389760.0,0.8421066126877228,0.7324414715719063,-0.026755852842809347,0.745819397993311,-0.04013377926421402,-0.020284563416357954
train_eval,train__qwen3_5_0_8b_base__softmax_plus_mlp__gsm8k_train__seed3407,qwen3_5_0_8b_base,softmax_plus_mlp,gsm8k_train,3407,16.0,32.0,hellaswag,0.416015625,512,/content/drive/MyDrive/papers-tecnicos/3-LoRA-Placement/results/eval_details/train__qwen3_5_0_8b_base__softmax_plus_mlp__gsm8k_train__seed3407__inline_eval__hellaswag.jsonl,accuracy,0.7758972497118843,1.3190253245102033,/content/drive/MyDrive/papers-tecnicos/3-LoRA-Placement/models/train__qwen3_5_0_8b_base__softmax_plus_mlp__gsm8k_train__seed3407/final_adapter,6389760.0,0.8421066126877228,0.416015625,0.0,0.43359375,-0.017578125,0.0
train_eval,train__qwen3_5_0_8b_base__softmax_plus_mlp__ultrachat__seed3407,qwen3_5_0_8b_base,softmax_plus_mlp,ultrachat,3407,16.0,32.0,mmlu,0.5,512,/content/drive/MyDrive/papers-tecnicos/3-LoRA-Placement/results/eval_details/train__qwen3_5_0_8b_base__softmax_plus_mlp__ultrachat__seed3407__inline_eval__mmlu.jsonl,accuracy,1.4401020640797084,2.448173508935504,/content/drive/MyDrive/papers-tecnicos/3-LoRA-Placement/models/train__qwen3_5_0_8b_base__softmax_plus_mlp__ultrachat__seed3407/final_adapter,6389760.0,0.8421066126877228,0.482421875,0.017578125,0.486328125,0.013671875,0.007180097707879857
train_eval,train__qwen3_5_0_8b_base__softmax_plus_mlp__ultrachat__seed3407,qwen3_5_0_8b_base,softmax_plus_mlp,ultrachat,3407,16.0,32.0,gsm8k,0.13671875,256,/content/drive/MyDrive/papers-tecnicos/3-LoRA-Placement/results/eval_details/train__qwen3_5_0_8b_base__softmax_plus_mlp__ultrachat__seed3407__inline_eval__gsm8k.jsonl,accuracy,1.4401020640797084,2.448173508935504,/content/drive/MyDrive/papers-tecnicos/3-LoRA-Placement/models/train__qwen3_5_0_8b_base__softmax_plus_mlp__ultrachat__seed3407/final_adapter,6389760.0,0.8421066126877228,0.296875,-0.16015625,0.140625,-0.00390625,-0.06541866800512759
train_eval,train__qwen3_5_0_8b_base__softmax_plus_mlp__ultrachat__seed3407,qwen3_5_0_8b_base,softmax_plus_mlp,ultrachat,3407,16.0,32.0,arc_challenge,0.7224080267558528,299,/content/drive/MyDrive/papers-tecnicos/3-LoRA-Placement/results/eval_details/train__qwen3_5_0_8b_base__softmax_plus_mlp__ultrachat__seed3407__inline_eval__arc_challenge.jsonl,accuracy,1.4401020640797084,2.448173508935504,/content/drive/MyDrive/papers-tecnicos/3-LoRA-Placement/models/train__qwen3_5_0_8b_base__softmax_plus_mlp__ultrachat__seed3407/final_adapter,6389760.0,0.8421066126877228,0.7324414715719063,-0.010033444816053505,0.7324414715719063,-0.010033444816053505,-0.004098338936939224
train_eval,train__qwen3_5_0_8b_base__softmax_plus_mlp__ultrachat__seed3407,qwen3_5_0_8b_base,softmax_plus_mlp,ultrachat,3407,16.0,32.0,hellaswag,0.400390625,512,/content/drive/MyDrive/papers-tecnicos/3-LoRA-Placement/results/eval_details/train__qwen3_5_0_8b_base__softmax_plus_mlp__ultrachat__seed3407__inline_eval__hellaswag.jsonl,accuracy,1.4401020640797084,2.448173508935504,/content/drive/MyDrive/papers-tecnicos/3-LoRA-Placement/models/train__qwen3_5_0_8b_base__softmax_plus_mlp__ultrachat__seed3407/final_adapter,6389760.0,0.8421066126877228,0.416015625,-0.015625,0.373046875,0.02734375,-0.006382309073670984
